link_imagem,titulo_documento
http://intranetdoc.epagri.sc.gov.br/sedimob/img_elemento/%5B12989%5D%7B464%7Dfoto_da_cebola.png,CEBOLA - Escolha do cultivar
http://intranetdoc.epagri.sc.gov.br/sedimob/img_elemento/%5B12553%5D%7B10%7Dakamaru.jpg,CEBOLA - Escolha do cultivar
http://intranetdoc.epagri.sc.gov.br/sedimob/img_elemento/%5B12555%5D%7B47%7Dalfa_tropical.jpg,CEBOLA - Escolha do cultivar
http://intranetdoc.epagri.sc.gov.br/sedimob/img_elemento/%5B12556%5D%7B529%7Dalvorada.jpg,CEBOLA - Escolha do cultivar
http://intranetdoc.epagri.sc.gov.br/sedimob/img_elemento/%5B12557%5D%7B416%7Dandromeda.jpg,CEBOLA - Escolha do cultivar
http://intranetdoc.epagri.sc.gov.br/sedimob/img_elemento/%5B12558%5D%7B229%7Dannika.jpg,CEBOLA - Escolha do cultivar
http://intranetdoc.epagri.sc.gov.br/sedimob/img_elemento/%5B12559%5D%7B264%7Daquarius.jpg,CEBOLA - Escolha do cultivar
http://intranetdoc.epagri.sc.gov.br/sedimob/img_elemento/%5B12560%5D%7B330%7Darizona.png,CEBOLA - Escolha do cultivar
http://intranetdoc.epagri.sc.gov.br/sedimob/img_elemento/%5B12561%5D%7B221%7Datlanta.jpg,CEBOLA - Escolha do cultivar
http://intranetdoc.epagri.sc.gov.br/sedimob/img_elemento/%5B12562%5D%7B418%7Daurea.jpg,CEBOLA - Escolha do cultivar
http://intranetdoc.epagri.sc.gov.br/sedimob/img_elemento/%5B12563%5D%7B363%7Daurora.jpg,CEBOLA - Escolha do cultivar
http://intranetdoc.epagri.sc.gov.br/sedimob/img_elemento/%5B12564%5D%7B315%7Dazteca.jpg,CEBOLA - Escolha do cultivar
http://intranetdoc.epagri.sc.gov.br/sedimob/img_elemento/%5B16164%5D%7B187%7Dbaia_herval.png,CEBOLA - Escolha do cultivar
http://intranetdoc.epagri.sc.gov.br/sedimob/img_elemento/%5B12565%5D%7B28%7Dbaia_periforme.jpg,CEBOLA - Escolha do cultivar
http://intranetdoc.epagri.sc.gov.br/sedimob/img_elemento/%5B12567%5D%7B174%7Dbaia_periforme_super_precoce.jpg,CEBOLA - Escolha do cultivar
http://intranetdoc.epagri.sc.gov.br/sedimob/img_elemento/%5B12566%5D%7B446%7Dbella_catarina.jpg,CEBOLA - Escolha do cultivar
http://intranetdoc.epagri.sc.gov.br/sedimob/img_elemento/%5B12568%5D%7B549%7Dbella_dura.jpg,CEBOLA - Escolha do cultivar
http://intranetdoc.epagri.sc.gov.br/sedimob/img_elemento/%5B12569%5D%7B550%7Dbella_vista.jpg,CEBOLA - Escolha do cultivar
http://intranetdoc.epagri.sc.gov.br/sedimob/img_elemento/%5B12570%5D%7B457%7Dbeta_cristal.jpg,CEBOLA - Escolha do cultivar
http://intranetdoc.epagri.sc.gov.br/sedimob/img_elemento/%5B17285%5D%7B42%7Dbola_suprema.jpg,CEBOLA - Escolha do cultivar
http://intranetdoc.epagri.sc.gov.br/sedimob/img_elemento/%5B12571%5D%7B202%7Dboreal.jpg,CEBOLA - Escolha do cultivar
http://intranetdoc.epagri.sc.gov.br/sedimob/img_elemento/%5B12577%5D%7B268%7Dbranca_rainha_para_conserva.jpg,CEBOLA - Escolha do cultivar
http://intranetdoc.epagri.sc.gov.br/sedimob/img_elemento/%5B12578%5D%7B85%7Dbrisa_-_ipa_12.jpg,CEBOLA - Escolha do cultivar
http://intranetdoc.epagri.sc.gov.br/sedimob/img_elemento/%5B12580%5D%7B479%7Dbrs_alfa_sao_francisco.jpg,CEBOLA - Escolha do cultivar
http://intranetdoc.epagri.sc.gov.br/sedimob/img_elemento/%5B12581%5D%7B21%7Dbrs_cascata.jpg,CEBOLA - Escolha do cultivar
http://intranetdoc.epagri.sc.gov.br/sedimob/img_elemento/%5B12579%5D%7B377%7Dbrs_367.jpg,CEBOLA - Escolha do cultivar
http://intranetdoc.epagri.sc.gov.br/sedimob/img_elemento/%5B12582%5D%7B446%7Dbrunella.jpg,CEBOLA - Escolha do cultivar
http://intranetdoc.epagri.sc.gov.br/sedimob/img_elemento/%5B12572%5D%7B312%7Dbr19.jpg,CEBOLA - Escolha do cultivar
http://intranetdoc.epagri.sc.gov.br/sedimob/img_elemento/%5B12573%5D%7B50%7Dbr23.jpg,CEBOLA - Escolha do cultivar
http://intranetdoc.epagri.sc.gov.br/sedimob/img_elemento/%5B12574%5D%7B75%7Dbr25.jpg,CEBOLA - Escolha do cultivar
http://intranetdoc.epagri.sc.gov.br/sedimob/img_elemento/%5B12575%5D%7B342%7Dbr27.jpg,CEBOLA - Escolha do cultivar
http://intranetdoc.epagri.sc.gov.br/sedimob/img_elemento/%5B12576%5D%7B545%7Dbr29.jpg,CEBOLA - Escolha do cultivar
http://intranetdoc.epagri.sc.gov.br/sedimob/img_elemento/%5B12583%5D%7B512%7Dbuccaneer.jpg,CEBOLA - Escolha do cultivar
http://intranetdoc.epagri.sc.gov.br/sedimob/img_elemento/%5B12584%5D%7B248%7Dcadillac.jpg,CEBOLA - Escolha do cultivar
http://intranetdoc.epagri.sc.gov.br/sedimob/img_elemento/%5B12585%5D%7B293%7Dcaete.jpg,CEBOLA - Escolha do cultivar
http://intranetdoc.epagri.sc.gov.br/sedimob/img_elemento/%5B12586%5D%7B248%7Dcatarina.jpg,CEBOLA - Escolha do cultivar
http://intranetdoc.epagri.sc.gov.br/sedimob/img_elemento/%5B12587%5D%7B420%7Dcelebra.jpg,CEBOLA - Escolha do cultivar
http://intranetdoc.epagri.sc.gov.br/sedimob/img_elemento/%5B16005%5D%7B160%7Dcimarron.png,CEBOLA - Escolha do cultivar
http://intranetdoc.epagri.sc.gov.br/sedimob/img_elemento/%5B12588%5D%7B363%7Dcolina.jpg,CEBOLA - Escolha do cultivar
http://intranetdoc.epagri.sc.gov.br/sedimob/img_elemento/%5B12589%5D%7B442%7Dcolorada.png,CEBOLA - Escolha do cultivar
http://intranetdoc.epagri.sc.gov.br/sedimob/img_elemento/%5B12590%5D%7B145%7Dcomposto_ipa-6.jpg,CEBOLA - Escolha do cultivar
http://intranetdoc.epagri.sc.gov.br/sedimob/img_elemento/%5B12591%5D%7B370%7Dconquista.jpg,CEBOLA - Escolha do cultivar
http://intranetdoc.epagri.sc.gov.br/sedimob/img_elemento/%5B16281%5D%7B67%7Dcorumba.png,CEBOLA - Escolha do cultivar
http://intranetdoc.epagri.sc.gov.br/sedimob/img_elemento/%5B12736%5D%7B373%7Dcrioula_roxa.jpg,CEBOLA - Escolha do cultivar
http://intranetdoc.epagri.sc.gov.br/sedimob/img_elemento/%5B12593%5D%7B332%7Dcristalina.webp,CEBOLA - Escolha do cultivar
http://intranetdoc.epagri.sc.gov.br/sedimob/img_elemento/%5B17478%5D%7B248%7Dcrystal_white_wax_%28p_conser%29.jpg,CEBOLA - Escolha do cultivar
http://intranetdoc.epagri.sc.gov.br/sedimob/img_elemento/%5B12594%5D%7B215%7Ddallas.jpg,CEBOLA - Escolha do cultivar
http://intranetdoc.epagri.sc.gov.br/sedimob/img_elemento/%5B12595%5D%7B327%7Ddiamante.jpg,CEBOLA - Escolha do cultivar
http://intranetdoc.epagri.sc.gov.br/sedimob/img_elemento/%5B12596%5D%7B531%7Ddon_victor.jpg,CEBOLA - Escolha do cultivar
http://intranetdoc.epagri.sc.gov.br/sedimob/img_elemento/%5B12597%5D%7B207%7Ddourada.jpg,CEBOLA - Escolha do cultivar
http://intranetdoc.epagri.sc.gov.br/sedimob/img_elemento/%5B16006%5D%7B392%7Ddulciana.png,CEBOLA - Escolha do cultivar
http://intranetdoc.epagri.sc.gov.br/sedimob/img_elemento/%5B12598%5D%7B257%7Dempasc_352_bola_precoce.jpg,CEBOLA - Escolha do cultivar
http://intranetdoc.epagri.sc.gov.br/sedimob/img_elemento/%5B12599%5D%7B532%7Dempasc_355_juporanga.jpg,CEBOLA - Escolha do cultivar
http://intranetdoc.epagri.sc.gov.br/sedimob/img_elemento/%5B12592%5D%7B66%7Depagri_362_crioula_alto_vale.jpg,CEBOLA - Escolha do cultivar
http://intranetdoc.epagri.sc.gov.br/sedimob/img_elemento/%5B12600%5D%7B506%7Depagri_363_superprecoce.jpg,CEBOLA - Escolha do cultivar
http://intranetdoc.epagri.sc.gov.br/sedimob/img_elemento/%5B12601%5D%7B460%7Dexpress.jpg,CEBOLA - Escolha do cultivar
http://intranetdoc.epagri.sc.gov.br/sedimob/img_elemento/%5B12602%5D%7B127%7Dfernanda.jpg,CEBOLA - Escolha do cultivar
http://intranetdoc.epagri.sc.gov.br/sedimob/img_elemento/%5B12603%5D%7B540%7Dfranciscana_ipa_10.jpg,CEBOLA - Escolha do cultivar
http://intranetdoc.epagri.sc.gov.br/sedimob/img_elemento/%5B12604%5D%7B201%7Dgamay.jpg,CEBOLA - Escolha do cultivar
http://intranetdoc.epagri.sc.gov.br/sedimob/img_elemento/%5B12605%5D%7B86%7Dgauchinha.png,CEBOLA - Escolha do cultivar
http://intranetdoc.epagri.sc.gov.br/sedimob/img_elemento/%5B12606%5D%7B25%7Dgobi.jpg,CEBOLA - Escolha do cultivar
http://intranetdoc.epagri.sc.gov.br/sedimob/img_elemento/%5B12607%5D%7B511%7Dgran_valley.jpg,CEBOLA - Escolha do cultivar
http://intranetdoc.epagri.sc.gov.br/sedimob/img_elemento/%5B12608%5D%7B514%7Dgranex_429.jpg,CEBOLA - Escolha do cultivar
http://intranetdoc.epagri.sc.gov.br/sedimob/img_elemento/%5B12609%5D%7B435%7Dgranex_isla_importada.jpg,CEBOLA - Escolha do cultivar
http://intranetdoc.epagri.sc.gov.br/sedimob/img_elemento/%5B12610%5D%7B290%7Dht125_%28belinha%29.jpg,CEBOLA - Escolha do cultivar
http://intranetdoc.epagri.sc.gov.br/sedimob/img_elemento/%5B12611%5D%7B52%7Dht215_%28super_bola%29.jpg,CEBOLA - Escolha do cultivar
http://intranetdoc.epagri.sc.gov.br/sedimob/img_elemento/%5B12612%5D%7B402%7Dimperatriz.jpg,CEBOLA - Escolha do cultivar
http://intranetdoc.epagri.sc.gov.br/sedimob/img_elemento/%5B12613%5D%7B542%7Dimperial.jpg,CEBOLA - Escolha do cultivar
http://intranetdoc.epagri.sc.gov.br/sedimob/img_elemento/%5B12614%5D%7B76%7Dipa_10.webp,CEBOLA - Escolha do cultivar
http://intranetdoc.epagri.sc.gov.br/sedimob/img_elemento/%5B12615%5D%7B317%7Dipa_11.jpg,CEBOLA - Escolha do cultivar
http://intranetdoc.epagri.sc.gov.br/sedimob/img_elemento/%5B12616%5D%7B119%7Dirati.jpg,CEBOLA - Escolha do cultivar
http://intranetdoc.epagri.sc.gov.br/sedimob/img_elemento/%5B17287%5D%7B332%7Ditajuba.jpg,CEBOLA - Escolha do cultivar
http://intranetdoc.epagri.sc.gov.br/sedimob/img_elemento/%5B16283%5D%7B367%7Djoelino.png,CEBOLA - Escolha do cultivar
http://intranetdoc.epagri.sc.gov.br/sedimob/img_elemento/%5B12617%5D%7B90%7Djubileu.jpg,CEBOLA - Escolha do cultivar
http://intranetdoc.epagri.sc.gov.br/sedimob/img_elemento/%5B12618%5D%7B80%7Dkoda.jpg,CEBOLA - Escolha do cultivar
http://intranetdoc.epagri.sc.gov.br/sedimob/img_elemento/%5B12619%5D%7B115%7Dlambada.jpg,CEBOLA - Escolha do cultivar
http://intranetdoc.epagri.sc.gov.br/sedimob/img_elemento/%5B12620%5D%7B350%7Dlola.jpg,CEBOLA - Escolha do cultivar
http://intranetdoc.epagri.sc.gov.br/sedimob/img_elemento/%5B12621%5D%7B391%7Dlombardi.jpg,CEBOLA - Escolha do cultivar
http://intranetdoc.epagri.sc.gov.br/sedimob/img_elemento/%5B12622%5D%7B537%7Dluana.jpg,CEBOLA - Escolha do cultivar
http://intranetdoc.epagri.sc.gov.br/sedimob/img_elemento/%5B12623%5D%7B483%7Dlucinda.jpg,CEBOLA - Escolha do cultivar
http://intranetdoc.epagri.sc.gov.br/sedimob/img_elemento/%5B12624%5D%7B100%7Dteste-da-cebola.jpg,CEBOLA - Escolha do cultivar
http://intranetdoc.epagri.sc.gov.br/sedimob/img_elemento/%5B12625%5D%7B529%7Dmalbec.jpg,CEBOLA - Escolha do cultivar
http://intranetdoc.epagri.sc.gov.br/sedimob/img_elemento/%5B12626%5D%7B497%7Dmata_hari.jpg,CEBOLA - Escolha do cultivar
http://intranetdoc.epagri.sc.gov.br/sedimob/img_elemento/%5B12627%5D%7B450%7Dmenina.jpg,CEBOLA - Escolha do cultivar
http://intranetdoc.epagri.sc.gov.br/sedimob/img_elemento/%5B12628%5D%7B478%7Dmercedes.jpg,CEBOLA - Escolha do cultivar
http://intranetdoc.epagri.sc.gov.br/sedimob/img_elemento/%5B12629%5D%7B426%7Dmercosul_ht.jpg,CEBOLA - Escolha do cultivar
http://intranetdoc.epagri.sc.gov.br/sedimob/img_elemento/%5B17286%5D%7B457%7Dmercurio.jpg,CEBOLA - Escolha do cultivar
http://intranetdoc.epagri.sc.gov.br/sedimob/img_elemento/%5B12630%5D%7B389%7Dmirela.jpg,CEBOLA - Escolha do cultivar
http://intranetdoc.epagri.sc.gov.br/sedimob/img_elemento/%5B12631%5D%7B306%7Dmontana.jpg,CEBOLA - Escolha do cultivar
http://intranetdoc.epagri.sc.gov.br/sedimob/img_elemento/%5B12632%5D%7B545%7Dmorena.jpg,CEBOLA - Escolha do cultivar
http://intranetdoc.epagri.sc.gov.br/sedimob/img_elemento/%5B17289%5D%7B370%7Dmulata_calibrada.jpg,CEBOLA - Escolha do cultivar
http://intranetdoc.epagri.sc.gov.br/sedimob/img_elemento/%5B15728%5D%7B214%7Dcebola-hibrida-nomad.jpg,CEBOLA - Escolha do cultivar
http://intranetdoc.epagri.sc.gov.br/sedimob/img_elemento/%5B16007%5D%7B214%7Dnun1205.png,CEBOLA - Escolha do cultivar
http://intranetdoc.epagri.sc.gov.br/sedimob/img_elemento/%5B12633%5D%7B136%7Domega_01.jpg,CEBOLA - Escolha do cultivar
http://intranetdoc.epagri.sc.gov.br/sedimob/img_elemento/%5B12634%5D%7B262%7Donix_1.jpg,CEBOLA - Escolha do cultivar
http://intranetdoc.epagri.sc.gov.br/sedimob/img_elemento/%5B12635%5D%7B468%7Doptoma.jpg,CEBOLA - Escolha do cultivar
http://intranetdoc.epagri.sc.gov.br/sedimob/img_elemento/%5B12636%5D%7B536%7Dpatricia.jpg,CEBOLA - Escolha do cultivar
http://intranetdoc.epagri.sc.gov.br/sedimob/img_elemento/%5B12637%5D%7B456%7Dpera_norte_14_bojuda_do_rio_grande.jpg,CEBOLA - Escolha do cultivar
http://intranetdoc.epagri.sc.gov.br/sedimob/img_elemento/%5B12638%5D%7B445%7Dperfecta.jpg,CEBOLA - Escolha do cultivar
http://intranetdoc.epagri.sc.gov.br/sedimob/img_elemento/%5B12639%5D%7B279%7Dpetroline_1.jpg,CEBOLA - Escolha do cultivar
http://intranetdoc.epagri.sc.gov.br/sedimob/img_elemento/%5B12640%5D%7B70%7Dpodium.png,CEBOLA - Escolha do cultivar
http://intranetdoc.epagri.sc.gov.br/sedimob/img_elemento/%5B12641%5D%7B467%7Dcebola-predator.jpg,CEBOLA - Escolha do cultivar
http://intranetdoc.epagri.sc.gov.br/sedimob/img_elemento/%5B12642%5D%7B325%7Dpredileta.jpg,CEBOLA - Escolha do cultivar
http://intranetdoc.epagri.sc.gov.br/sedimob/img_elemento/%5B12643%5D%7B121%7Dcebola-primavera-amarela.jpg,CEBOLA - Escolha do cultivar
http://intranetdoc.epagri.sc.gov.br/sedimob/img_elemento/%5B12645%5D%7B109%7Dcebola-primavera-baia.jpg,CEBOLA - Escolha do cultivar
http://intranetdoc.epagri.sc.gov.br/sedimob/img_elemento/%5B12644%5D%7B40%7Dcebola-princesa.jpg,CEBOLA - Escolha do cultivar
http://intranetdoc.epagri.sc.gov.br/sedimob/img_elemento/%5B12646%5D%7B309%7Dcebola-phyton.jpg,CEBOLA - Escolha do cultivar
http://intranetdoc.epagri.sc.gov.br/sedimob/img_elemento/%5B12647%5D%7B520%7Dcebola-rainha.jpg,CEBOLA - Escolha do cultivar
http://intranetdoc.epagri.sc.gov.br/sedimob/img_elemento/%5B12648%5D%7B65%7Dcebola-rebecca.jpg,CEBOLA - Escolha do cultivar
http://intranetdoc.epagri.sc.gov.br/sedimob/img_elemento/%5B12649%5D%7B217%7Dred_coach_22.jpg,CEBOLA - Escolha do cultivar
http://intranetdoc.epagri.sc.gov.br/sedimob/img_elemento/%5B12650%5D%7B477%7Dcebola-red-creole.jpg,CEBOLA - Escolha do cultivar
http://intranetdoc.epagri.sc.gov.br/sedimob/img_elemento/%5B12651%5D%7B56%7Dcebola-regent.jpg,CEBOLA - Escolha do cultivar
http://intranetdoc.epagri.sc.gov.br/sedimob/img_elemento/%5B12652%5D%7B339%7Dregia.jpg,CEBOLA - Escolha do cultivar
http://intranetdoc.epagri.sc.gov.br/sedimob/img_elemento/%5B12653%5D%7B25%7Drio_das_antas.webp,CEBOLA - Escolha do cultivar
http://intranetdoc.epagri.sc.gov.br/sedimob/img_elemento/%5B16280%5D%7B376%7Drio_das_antas.png,CEBOLA - Escolha do cultivar
http://intranetdoc.epagri.sc.gov.br/sedimob/img_elemento/%5B16282%5D%7B427%7Drio_grande.png,CEBOLA - Escolha do cultivar
http://intranetdoc.epagri.sc.gov.br/sedimob/img_elemento/%5B12654%5D%7B509%7Dcebola-rio-grande.jpg,CEBOLA - Escolha do cultivar
http://intranetdoc.epagri.sc.gov.br/sedimob/img_elemento/%5B12655%5D%7B258%7Dcebola-rio-vermelho.jpg,CEBOLA - Escolha do cultivar
http://intranetdoc.epagri.sc.gov.br/sedimob/img_elemento/%5B16284%5D%7B507%7Drio_vermelho.png,CEBOLA - Escolha do cultivar
http://intranetdoc.epagri.sc.gov.br/sedimob/img_elemento/%5B12656%5D%7B370%7Droxa_-_ipa_3.jpg,CEBOLA - Escolha do cultivar
http://intranetdoc.epagri.sc.gov.br/sedimob/img_elemento/%5B16285%5D%7B390%7Drusset.png,CEBOLA - Escolha do cultivar
http://intranetdoc.epagri.sc.gov.br/sedimob/img_elemento/%5B12657%5D%7B323%7Dcebola-safira.jpg,CEBOLA - Escolha do cultivar
http://intranetdoc.epagri.sc.gov.br/sedimob/img_elemento/%5B12658%5D%7B538%7Dcebola-salto-grande.jpg,CEBOLA - Escolha do cultivar
http://intranetdoc.epagri.sc.gov.br/sedimob/img_elemento/%5B12659%5D%7B232%7Dscs366_poranga.jpg,CEBOLA - Escolha do cultivar
http://intranetdoc.epagri.sc.gov.br/sedimob/img_elemento/%5B12678%5D%7B281%7Dscs_373_valessul.jpg,CEBOLA - Escolha do cultivar
http://intranetdoc.epagri.sc.gov.br/sedimob/img_elemento/%5B12676%5D%7B94%7Dgalega.jpg,CEBOLA - Escolha do cultivar
http://intranetdoc.epagri.sc.gov.br/sedimob/img_elemento/%5B12677%5D%7B208%7Dcebola-robusta.jpg,CEBOLA - Escolha do cultivar
http://intranetdoc.epagri.sc.gov.br/sedimob/img_elemento/%5B12660%5D%7B202%7Dcebola-serena.jpg,CEBOLA - Escolha do cultivar
http://intranetdoc.epagri.sc.gov.br/sedimob/img_elemento/%5B16008%5D%7B102%7Dserengeti.png,CEBOLA - Escolha do cultivar
http://intranetdoc.epagri.sc.gov.br/sedimob/img_elemento/%5B12661%5D%7B80%7Dcebola-sirius.jpg,CEBOLA - Escolha do cultivar
http://intranetdoc.epagri.sc.gov.br/sedimob/img_elemento/%5B12662%5D%7B202%7Dcebola-soberana.jpg,CEBOLA - Escolha do cultivar
http://intranetdoc.epagri.sc.gov.br/sedimob/img_elemento/%5B17288%5D%7B387%7Dsprint.jpg,CEBOLA - Escolha do cultivar
http://intranetdoc.epagri.sc.gov.br/sedimob/img_elemento/%5B12663%5D%7B174%7Dcebola-sulista.jpg,CEBOLA - Escolha do cultivar
http://intranetdoc.epagri.sc.gov.br/sedimob/img_elemento/%5B12675%5D%7B199%7Dsuperex_%28amarela_clara%29.jpg,CEBOLA - Escolha do cultivar
http://intranetdoc.epagri.sc.gov.br/sedimob/img_elemento/%5B12665%5D%7B78%7Dcebola-taiko.jpg,CEBOLA - Escolha do cultivar
http://intranetdoc.epagri.sc.gov.br/sedimob/img_elemento/%5B12666%5D%7B106%7Dcebola-taila.jpg,CEBOLA - Escolha do cultivar
http://intranetdoc.epagri.sc.gov.br/sedimob/img_elemento/%5B12667%5D%7B467%7Dcebola-texas-early-grano-502.jpg,CEBOLA - Escolha do cultivar
http://intranetdoc.epagri.sc.gov.br/sedimob/img_elemento/%5B12668%5D%7B193%7Dcebola-texas-grano-502.jpg,CEBOLA - Escolha do cultivar
http://intranetdoc.epagri.sc.gov.br/sedimob/img_elemento/%5B12669%5D%7B300%7Dtropical_valley.webp,CEBOLA - Escolha do cultivar
http://intranetdoc.epagri.sc.gov.br/sedimob/img_elemento/%5B12670%5D%7B177%7Dcebola-vale-ouro.jpg,CEBOLA - Escolha do cultivar
http://intranetdoc.epagri.sc.gov.br/sedimob/img_elemento/%5B12671%5D%7B35%7Dcebola-vitoria.jpg,CEBOLA - Escolha do cultivar
http://intranetdoc.epagri.sc.gov.br/sedimob/img_elemento/%5B12672%5D%7B131%7Dcebola-white-creole.jpg,CEBOLA - Escolha do cultivar
http://intranetdoc.epagri.sc.gov.br/sedimob/img_elemento/%5B12673%5D%7B486%7Dxavante.jpg,CEBOLA - Escolha do cultivar
http://intranetdoc.epagri.sc.gov.br/sedimob/img_elemento/%5B12674%5D%7B130%7Dxp_8010.jpg,CEBOLA - Escolha do cultivar
https://intranetdoc.epagri.sc.gov.br/sedimob/arq_anexos/%5B12550%5D%7B301%7Dtabela_1_-_latitude.jpg,CEBOLA - Escolha do cultivar - Critérios para escolha do cultivar - Fotoperíodo
http://intranetdoc.epagri.sc.gov.br/sedimob/img_elemento/%5B12989%5D%7B464%7Dfoto_da_cebola.png,CEBOLA - Escolha do cultivar - Avaliação de cultivares para o Estado de Santa Catarina (2021-2022)
https://intranetdoc.epagri.sc.gov.br/sedimob/arq_anexos/%5B12989%5D%7B307%7Dtabela_cebola_1.jpg,CEBOLA - Escolha do cultivar - Avaliação de cultivares para o Estado de Santa Catarina (2021-2022)
https://intranetdoc.epagri.sc.gov.br/sedimob/arq_anexos/%5B12989%5D%7B118%7Dtabela_cebola_2.jpg,CEBOLA - Escolha do cultivar - Avaliação de cultivares para o Estado de Santa Catarina (2021-2022)
https://intranetdoc.epagri.sc.gov.br/sedimob/arq_anexos/%5B12989%5D%7B354%7Dtabela_cebola_3.jpg,CEBOLA - Escolha do cultivar - Avaliação de cultivares para o Estado de Santa Catarina (2021-2022)
http://intranetdoc.epagri.sc.gov.br/sedimob/img_elemento/%5B12553%5D%7B10%7Dakamaru.jpg,CEBOLA - Escolha do cultivar - Akamaru
http://intranetdoc.epagri.sc.gov.br/sedimob/img_elemento/%5B12555%5D%7B47%7Dalfa_tropical.jpg,CEBOLA - Escolha do cultivar - Alfa Tropical
http://intranetdoc.epagri.sc.gov.br/sedimob/img_elemento/%5B12556%5D%7B529%7Dalvorada.jpg,CEBOLA - Escolha do cultivar - Alvorada
http://intranetdoc.epagri.sc.gov.br/sedimob/img_elemento/%5B12557%5D%7B416%7Dandromeda.jpg,CEBOLA - Escolha do cultivar - Andrômeda
http://intranetdoc.epagri.sc.gov.br/sedimob/img_elemento/%5B12558%5D%7B229%7Dannika.jpg,CEBOLA - Escolha do cultivar - Annika
http://intranetdoc.epagri.sc.gov.br/sedimob/img_elemento/%5B12559%5D%7B264%7Daquarius.jpg,CEBOLA - Escolha do cultivar - Aquarius
http://intranetdoc.epagri.sc.gov.br/sedimob/img_elemento/%5B12560%5D%7B330%7Darizona.png,CEBOLA - Escolha do cultivar - Arizona
http://intranetdoc.epagri.sc.gov.br/sedimob/img_elemento/%5B12561%5D%7B221%7Datlanta.jpg,CEBOLA - Escolha do cultivar - Atlanta
http://intranetdoc.epagri.sc.gov.br/sedimob/img_elemento/%5B12562%5D%7B418%7Daurea.jpg,CEBOLA - Escolha do cultivar - Aurea
http://intranetdoc.epagri.sc.gov.br/sedimob/img_elemento/%5B12563%5D%7B363%7Daurora.jpg,CEBOLA - Escolha do cultivar - Aurora
http://intranetdoc.epagri.sc.gov.br/sedimob/img_elemento/%5B12564%5D%7B315%7Dazteca.jpg,CEBOLA - Escolha do cultivar - Azteca
http://intranetdoc.epagri.sc.gov.br/sedimob/img_elemento/%5B16164%5D%7B187%7Dbaia_herval.png,CEBOLA - Escolha do cultivar - Baia Herval
http://intranetdoc.epagri.sc.gov.br/sedimob/img_elemento/%5B12565%5D%7B28%7Dbaia_periforme.jpg,CEBOLA - Escolha do cultivar - Baia Periforme
http://intranetdoc.epagri.sc.gov.br/sedimob/img_elemento/%5B12567%5D%7B174%7Dbaia_periforme_super_precoce.jpg,CEBOLA - Escolha do cultivar - Baia Periforme Super Precoce
http://intranetdoc.epagri.sc.gov.br/sedimob/img_elemento/%5B12566%5D%7B446%7Dbella_catarina.jpg,CEBOLA - Escolha do cultivar - Bella Catarina
http://intranetdoc.epagri.sc.gov.br/sedimob/img_elemento/%5B12568%5D%7B549%7Dbella_dura.jpg,CEBOLA - Escolha do cultivar - Bella Dura
http://intranetdoc.epagri.sc.gov.br/sedimob/img_elemento/%5B12569%5D%7B550%7Dbella_vista.jpg,CEBOLA - Escolha do cultivar - Bella Vista
http://intranetdoc.epagri.sc.gov.br/sedimob/img_elemento/%5B12570%5D%7B457%7Dbeta_cristal.jpg,CEBOLA - Escolha do cultivar - Beta Cristal
http://intranetdoc.epagri.sc.gov.br/sedimob/img_elemento/%5B17285%5D%7B42%7Dbola_suprema.jpg,CEBOLA - Escolha do cultivar - Bola Suprema
http://intranetdoc.epagri.sc.gov.br/sedimob/img_elemento/%5B12571%5D%7B202%7Dboreal.jpg,CEBOLA - Escolha do cultivar - Boreal
http://intranetdoc.epagri.sc.gov.br/sedimob/img_elemento/%5B12577%5D%7B268%7Dbranca_rainha_para_conserva.jpg,CEBOLA - Escolha do cultivar - Branca Rainha para conserva
http://intranetdoc.epagri.sc.gov.br/sedimob/img_elemento/%5B12578%5D%7B85%7Dbrisa_-_ipa_12.jpg,CEBOLA - Escolha do cultivar - Brisa - IPA 12
http://intranetdoc.epagri.sc.gov.br/sedimob/img_elemento/%5B12580%5D%7B479%7Dbrs_alfa_sao_francisco.jpg,CEBOLA - Escolha do cultivar - BRS Alfa São Francisco
http://intranetdoc.epagri.sc.gov.br/sedimob/img_elemento/%5B12581%5D%7B21%7Dbrs_cascata.jpg,CEBOLA - Escolha do cultivar - BRS Cascata
http://intranetdoc.epagri.sc.gov.br/sedimob/img_elemento/%5B12579%5D%7B377%7Dbrs_367.jpg,CEBOLA - Escolha do cultivar - BRS 367
http://intranetdoc.epagri.sc.gov.br/sedimob/img_elemento/%5B12582%5D%7B446%7Dbrunella.jpg,CEBOLA - Escolha do cultivar - Brunella
http://intranetdoc.epagri.sc.gov.br/sedimob/img_elemento/%5B12572%5D%7B312%7Dbr19.jpg,CEBOLA - Escolha do cultivar - BR19
http://intranetdoc.epagri.sc.gov.br/sedimob/img_elemento/%5B12573%5D%7B50%7Dbr23.jpg,CEBOLA - Escolha do cultivar - BR23
http://intranetdoc.epagri.sc.gov.br/sedimob/img_elemento/%5B12574%5D%7B75%7Dbr25.jpg,CEBOLA - Escolha do cultivar - BR25
http://intranetdoc.epagri.sc.gov.br/sedimob/img_elemento/%5B12575%5D%7B342%7Dbr27.jpg,CEBOLA - Escolha do cultivar - BR27
http://intranetdoc.epagri.sc.gov.br/sedimob/img_elemento/%5B12576%5D%7B545%7Dbr29.jpg,CEBOLA - Escolha do cultivar - BR29
http://intranetdoc.epagri.sc.gov.br/sedimob/img_elemento/%5B12583%5D%7B512%7Dbuccaneer.jpg,CEBOLA - Escolha do cultivar - Buccaneer
http://intranetdoc.epagri.sc.gov.br/sedimob/img_elemento/%5B12584%5D%7B248%7Dcadillac.jpg,CEBOLA - Escolha do cultivar - Cadillac
http://intranetdoc.epagri.sc.gov.br/sedimob/img_elemento/%5B12585%5D%7B293%7Dcaete.jpg,CEBOLA - Escolha do cultivar - Caeté
http://intranetdoc.epagri.sc.gov.br/sedimob/img_elemento/%5B12586%5D%7B248%7Dcatarina.jpg,CEBOLA - Escolha do cultivar - Catarina
http://intranetdoc.epagri.sc.gov.br/sedimob/img_elemento/%5B12587%5D%7B420%7Dcelebra.jpg,CEBOLA - Escolha do cultivar - Celebra
http://intranetdoc.epagri.sc.gov.br/sedimob/img_elemento/%5B16005%5D%7B160%7Dcimarron.png,CEBOLA - Escolha do cultivar - Cimarron
http://intranetdoc.epagri.sc.gov.br/sedimob/img_elemento/%5B12588%5D%7B363%7Dcolina.jpg,CEBOLA - Escolha do cultivar - Colina
http://intranetdoc.epagri.sc.gov.br/sedimob/img_elemento/%5B12589%5D%7B442%7Dcolorada.png,CEBOLA - Escolha do cultivar - Colorada
http://intranetdoc.epagri.sc.gov.br/sedimob/img_elemento/%5B12590%5D%7B145%7Dcomposto_ipa-6.jpg,CEBOLA - Escolha do cultivar - Composto IPA-6
http://intranetdoc.epagri.sc.gov.br/sedimob/img_elemento/%5B12591%5D%7B370%7Dconquista.jpg,CEBOLA - Escolha do cultivar - Conquista
http://intranetdoc.epagri.sc.gov.br/sedimob/img_elemento/%5B16281%5D%7B67%7Dcorumba.png,CEBOLA - Escolha do cultivar - Corumba
http://intranetdoc.epagri.sc.gov.br/sedimob/img_elemento/%5B12736%5D%7B373%7Dcrioula_roxa.jpg,CEBOLA - Escolha do cultivar - Crioula Roxa
http://intranetdoc.epagri.sc.gov.br/sedimob/img_elemento/%5B12593%5D%7B332%7Dcristalina.webp,CEBOLA - Escolha do cultivar - Cristalina
http://intranetdoc.epagri.sc.gov.br/sedimob/img_elemento/%5B17478%5D%7B248%7Dcrystal_white_wax_%28p_conser%29.jpg,CEBOLA - Escolha do cultivar - Crystal White Wax (P/CONSER)
http://intranetdoc.epagri.sc.gov.br/sedimob/img_elemento/%5B12594%5D%7B215%7Ddallas.jpg,CEBOLA - Escolha do cultivar - Dallas
http://intranetdoc.epagri.sc.gov.br/sedimob/img_elemento/%5B12595%5D%7B327%7Ddiamante.jpg,CEBOLA - Escolha do cultivar - Diamante
http://intranetdoc.epagri.sc.gov.br/sedimob/img_elemento/%5B12596%5D%7B531%7Ddon_victor.jpg,CEBOLA - Escolha do cultivar - Don Victor
http://intranetdoc.epagri.sc.gov.br/sedimob/img_elemento/%5B12597%5D%7B207%7Ddourada.jpg,CEBOLA - Escolha do cultivar - Dourada
http://intranetdoc.epagri.sc.gov.br/sedimob/img_elemento/%5B16006%5D%7B392%7Ddulciana.png,CEBOLA - Escolha do cultivar - Dulciana
http://intranetdoc.epagri.sc.gov.br/sedimob/img_elemento/%5B12598%5D%7B257%7Dempasc_352_bola_precoce.jpg,CEBOLA - Escolha do cultivar - Empasc 352 Bola precoce
http://intranetdoc.epagri.sc.gov.br/sedimob/img_elemento/%5B12599%5D%7B532%7Dempasc_355_juporanga.jpg,CEBOLA - Escolha do cultivar - Empasc 355 Juporanga
http://intranetdoc.epagri.sc.gov.br/sedimob/img_elemento/%5B12592%5D%7B66%7Depagri_362_crioula_alto_vale.jpg,CEBOLA - Escolha do cultivar - Epagri 362 Crioula Alto Vale
http://intranetdoc.epagri.sc.gov.br/sedimob/img_elemento/%5B12600%5D%7B506%7Depagri_363_superprecoce.jpg,CEBOLA - Escolha do cultivar - Epagri 363 Super precoce
http://intranetdoc.epagri.sc.gov.br/sedimob/img_elemento/%5B12601%5D%7B460%7Dexpress.jpg,CEBOLA - Escolha do cultivar - Express
http://intranetdoc.epagri.sc.gov.br/sedimob/img_elemento/%5B12602%5D%7B127%7Dfernanda.jpg,CEBOLA - Escolha do cultivar - Fernanda
http://intranetdoc.epagri.sc.gov.br/sedimob/img_elemento/%5B12603%5D%7B540%7Dfranciscana_ipa_10.jpg,CEBOLA - Escolha do cultivar - Franciscana IPA 10
http://intranetdoc.epagri.sc.gov.br/sedimob/img_elemento/%5B12604%5D%7B201%7Dgamay.jpg,CEBOLA - Escolha do cultivar - Gamay
http://intranetdoc.epagri.sc.gov.br/sedimob/img_elemento/%5B12605%5D%7B86%7Dgauchinha.png,CEBOLA - Escolha do cultivar - Gauchinha
http://intranetdoc.epagri.sc.gov.br/sedimob/img_elemento/%5B12606%5D%7B25%7Dgobi.jpg,CEBOLA - Escolha do cultivar - Gobi
http://intranetdoc.epagri.sc.gov.br/sedimob/img_elemento/%5B12607%5D%7B511%7Dgran_valley.jpg,CEBOLA - Escolha do cultivar - Gran Valley
http://intranetdoc.epagri.sc.gov.br/sedimob/img_elemento/%5B12608%5D%7B514%7Dgranex_429.jpg,CEBOLA - Escolha do cultivar - Granex 429
http://intranetdoc.epagri.sc.gov.br/sedimob/img_elemento/%5B12609%5D%7B435%7Dgranex_isla_importada.jpg,CEBOLA - Escolha do cultivar - Granex Isla Importada
http://intranetdoc.epagri.sc.gov.br/sedimob/img_elemento/%5B12610%5D%7B290%7Dht125_%28belinha%29.jpg,CEBOLA - Escolha do cultivar - HT125 (Belinha)
http://intranetdoc.epagri.sc.gov.br/sedimob/img_elemento/%5B12611%5D%7B52%7Dht215_%28super_bola%29.jpg,CEBOLA - Escolha do cultivar - HT215 (Super Bola)
http://intranetdoc.epagri.sc.gov.br/sedimob/img_elemento/%5B12612%5D%7B402%7Dimperatriz.jpg,CEBOLA - Escolha do cultivar - Imperatriz
http://intranetdoc.epagri.sc.gov.br/sedimob/img_elemento/%5B12613%5D%7B542%7Dimperial.jpg,CEBOLA - Escolha do cultivar - Imperial
http://intranetdoc.epagri.sc.gov.br/sedimob/img_elemento/%5B12614%5D%7B76%7Dipa_10.webp,CEBOLA - Escolha do cultivar - IPA 10
http://intranetdoc.epagri.sc.gov.br/sedimob/img_elemento/%5B12615%5D%7B317%7Dipa_11.jpg,CEBOLA - Escolha do cultivar - IPA 11
http://intranetdoc.epagri.sc.gov.br/sedimob/img_elemento/%5B12616%5D%7B119%7Dirati.jpg,CEBOLA - Escolha do cultivar - Irati
http://intranetdoc.epagri.sc.gov.br/sedimob/img_elemento/%5B17287%5D%7B332%7Ditajuba.jpg,CEBOLA - Escolha do cultivar - Itajubá
http://intranetdoc.epagri.sc.gov.br/sedimob/img_elemento/%5B16283%5D%7B367%7Djoelino.png,CEBOLA - Escolha do cultivar - Joelino
http://intranetdoc.epagri.sc.gov.br/sedimob/img_elemento/%5B12617%5D%7B90%7Djubileu.jpg,CEBOLA - Escolha do cultivar - Jubileu
http://intranetdoc.epagri.sc.gov.br/sedimob/img_elemento/%5B12618%5D%7B80%7Dkoda.jpg,CEBOLA - Escolha do cultivar - Koda
http://intranetdoc.epagri.sc.gov.br/sedimob/img_elemento/%5B12619%5D%7B115%7Dlambada.jpg,CEBOLA - Escolha do cultivar - Lambada
http://intranetdoc.epagri.sc.gov.br/sedimob/img_elemento/%5B12620%5D%7B350%7Dlola.jpg,CEBOLA - Escolha do cultivar - Lola
http://intranetdoc.epagri.sc.gov.br/sedimob/img_elemento/%5B12621%5D%7B391%7Dlombardi.jpg,CEBOLA - Escolha do cultivar - Lombardi
http://intranetdoc.epagri.sc.gov.br/sedimob/img_elemento/%5B12622%5D%7B537%7Dluana.jpg,CEBOLA - Escolha do cultivar - Luana
http://intranetdoc.epagri.sc.gov.br/sedimob/img_elemento/%5B12623%5D%7B483%7Dlucinda.jpg,CEBOLA - Escolha do cultivar - Lucinda
http://intranetdoc.epagri.sc.gov.br/sedimob/img_elemento/%5B12624%5D%7B100%7Dteste-da-cebola.jpg,CEBOLA - Escolha do cultivar - Madrugada
http://intranetdoc.epagri.sc.gov.br/sedimob/img_elemento/%5B12625%5D%7B529%7Dmalbec.jpg,CEBOLA - Escolha do cultivar - Malbec
http://intranetdoc.epagri.sc.gov.br/sedimob/img_elemento/%5B12626%5D%7B497%7Dmata_hari.jpg,CEBOLA - Escolha do cultivar - Mata Hari
http://intranetdoc.epagri.sc.gov.br/sedimob/img_elemento/%5B12627%5D%7B450%7Dmenina.jpg,CEBOLA - Escolha do cultivar - Menina
http://intranetdoc.epagri.sc.gov.br/sedimob/img_elemento/%5B12628%5D%7B478%7Dmercedes.jpg,CEBOLA - Escolha do cultivar - Mercedes
http://intranetdoc.epagri.sc.gov.br/sedimob/img_elemento/%5B12629%5D%7B426%7Dmercosul_ht.jpg,CEBOLA - Escolha do cultivar - Mercosul HT
http://intranetdoc.epagri.sc.gov.br/sedimob/img_elemento/%5B17286%5D%7B457%7Dmercurio.jpg,CEBOLA - Escolha do cultivar - Mercúrio
http://intranetdoc.epagri.sc.gov.br/sedimob/img_elemento/%5B12630%5D%7B389%7Dmirela.jpg,CEBOLA - Escolha do cultivar - Mirela
http://intranetdoc.epagri.sc.gov.br/sedimob/img_elemento/%5B12631%5D%7B306%7Dmontana.jpg,CEBOLA - Escolha do cultivar - Montana
http://intranetdoc.epagri.sc.gov.br/sedimob/img_elemento/%5B12632%5D%7B545%7Dmorena.jpg,CEBOLA - Escolha do cultivar - Morena
http://intranetdoc.epagri.sc.gov.br/sedimob/img_elemento/%5B17289%5D%7B370%7Dmulata_calibrada.jpg,CEBOLA - Escolha do cultivar - Mulata Calibrada
http://intranetdoc.epagri.sc.gov.br/sedimob/img_elemento/%5B15728%5D%7B214%7Dcebola-hibrida-nomad.jpg,CEBOLA - Escolha do cultivar - Nomad
http://intranetdoc.epagri.sc.gov.br/sedimob/img_elemento/%5B16007%5D%7B214%7Dnun1205.png,CEBOLA - Escolha do cultivar - NUN1205
http://intranetdoc.epagri.sc.gov.br/sedimob/img_elemento/%5B12633%5D%7B136%7Domega_01.jpg,CEBOLA - Escolha do cultivar - Omega
http://intranetdoc.epagri.sc.gov.br/sedimob/img_elemento/%5B12634%5D%7B262%7Donix_1.jpg,CEBOLA - Escolha do cultivar - Onix
http://intranetdoc.epagri.sc.gov.br/sedimob/img_elemento/%5B12635%5D%7B468%7Doptoma.jpg,CEBOLA - Escolha do cultivar - Optima
http://intranetdoc.epagri.sc.gov.br/sedimob/img_elemento/%5B12636%5D%7B536%7Dpatricia.jpg,CEBOLA - Escolha do cultivar - Patricia
http://intranetdoc.epagri.sc.gov.br/sedimob/img_elemento/%5B12637%5D%7B456%7Dpera_norte_14_bojuda_do_rio_grande.jpg,CEBOLA - Escolha do cultivar - Pêra Norte 14 Bojuda do Rio Grande
http://intranetdoc.epagri.sc.gov.br/sedimob/img_elemento/%5B12638%5D%7B445%7Dperfecta.jpg,CEBOLA - Escolha do cultivar - Perfecta
http://intranetdoc.epagri.sc.gov.br/sedimob/img_elemento/%5B12639%5D%7B279%7Dpetroline_1.jpg,CEBOLA - Escolha do cultivar - Petroline
http://intranetdoc.epagri.sc.gov.br/sedimob/img_elemento/%5B12640%5D%7B70%7Dpodium.png,CEBOLA - Escolha do cultivar - Podium
http://intranetdoc.epagri.sc.gov.br/sedimob/img_elemento/%5B12641%5D%7B467%7Dcebola-predator.jpg,CEBOLA - Escolha do cultivar - Predator
http://intranetdoc.epagri.sc.gov.br/sedimob/img_elemento/%5B12642%5D%7B325%7Dpredileta.jpg,CEBOLA - Escolha do cultivar - Predileta
http://intranetdoc.epagri.sc.gov.br/sedimob/img_elemento/%5B12643%5D%7B121%7Dcebola-primavera-amarela.jpg,CEBOLA - Escolha do cultivar - Primavera (Amarela)
http://intranetdoc.epagri.sc.gov.br/sedimob/img_elemento/%5B12645%5D%7B109%7Dcebola-primavera-baia.jpg,CEBOLA - Escolha do cultivar - Primavera (Baia)
http://intranetdoc.epagri.sc.gov.br/sedimob/img_elemento/%5B12644%5D%7B40%7Dcebola-princesa.jpg,CEBOLA - Escolha do cultivar - Princesa
http://intranetdoc.epagri.sc.gov.br/sedimob/img_elemento/%5B12646%5D%7B309%7Dcebola-phyton.jpg,CEBOLA - Escolha do cultivar - Python
http://intranetdoc.epagri.sc.gov.br/sedimob/img_elemento/%5B12647%5D%7B520%7Dcebola-rainha.jpg,CEBOLA - Escolha do cultivar - Rainha
http://intranetdoc.epagri.sc.gov.br/sedimob/img_elemento/%5B12648%5D%7B65%7Dcebola-rebecca.jpg,CEBOLA - Escolha do cultivar - Rebecca
http://intranetdoc.epagri.sc.gov.br/sedimob/img_elemento/%5B12649%5D%7B217%7Dred_coach_22.jpg,CEBOLA - Escolha do cultivar - Red Coach
http://intranetdoc.epagri.sc.gov.br/sedimob/img_elemento/%5B12650%5D%7B477%7Dcebola-red-creole.jpg,CEBOLA - Escolha do cultivar - Red Creole
http://intranetdoc.epagri.sc.gov.br/sedimob/img_elemento/%5B12651%5D%7B56%7Dcebola-regent.jpg,CEBOLA - Escolha do cultivar - Regent
http://intranetdoc.epagri.sc.gov.br/sedimob/img_elemento/%5B12652%5D%7B339%7Dregia.jpg,CEBOLA - Escolha do cultivar - Régia
http://intranetdoc.epagri.sc.gov.br/sedimob/img_elemento/%5B12653%5D%7B25%7Drio_das_antas.webp,CEBOLA - Escolha do cultivar - Rio das Antas
http://intranetdoc.epagri.sc.gov.br/sedimob/img_elemento/%5B16280%5D%7B376%7Drio_das_antas.png,CEBOLA - Escolha do cultivar - Rio das Antas
http://intranetdoc.epagri.sc.gov.br/sedimob/img_elemento/%5B16282%5D%7B427%7Drio_grande.png,CEBOLA - Escolha do cultivar - Rio Grande
http://intranetdoc.epagri.sc.gov.br/sedimob/img_elemento/%5B12654%5D%7B509%7Dcebola-rio-grande.jpg,CEBOLA - Escolha do cultivar - Rio Grande
http://intranetdoc.epagri.sc.gov.br/sedimob/img_elemento/%5B12655%5D%7B258%7Dcebola-rio-vermelho.jpg,CEBOLA - Escolha do cultivar - Rio Vermelho
http://intranetdoc.epagri.sc.gov.br/sedimob/img_elemento/%5B16284%5D%7B507%7Drio_vermelho.png,CEBOLA - Escolha do cultivar - Rio Vermelho
http://intranetdoc.epagri.sc.gov.br/sedimob/img_elemento/%5B12656%5D%7B370%7Droxa_-_ipa_3.jpg,CEBOLA - Escolha do cultivar - Roxa - IPA 3
http://intranetdoc.epagri.sc.gov.br/sedimob/img_elemento/%5B16285%5D%7B390%7Drusset.png,CEBOLA - Escolha do cultivar - Russet
http://intranetdoc.epagri.sc.gov.br/sedimob/img_elemento/%5B12657%5D%7B323%7Dcebola-safira.jpg,CEBOLA - Escolha do cultivar - Safira
http://intranetdoc.epagri.sc.gov.br/sedimob/img_elemento/%5B12658%5D%7B538%7Dcebola-salto-grande.jpg,CEBOLA - Escolha do cultivar - Salto Grande
http://intranetdoc.epagri.sc.gov.br/sedimob/img_elemento/%5B12659%5D%7B232%7Dscs366_poranga.jpg,CEBOLA - Escolha do cultivar - SCS366 Poranga
http://intranetdoc.epagri.sc.gov.br/sedimob/img_elemento/%5B12678%5D%7B281%7Dscs_373_valessul.jpg,CEBOLA - Escolha do cultivar - SCS373 Valessul
http://intranetdoc.epagri.sc.gov.br/sedimob/img_elemento/%5B12676%5D%7B94%7Dgalega.jpg,CEBOLA - Escolha do cultivar - SCS378 Galega
http://intranetdoc.epagri.sc.gov.br/sedimob/img_elemento/%5B12677%5D%7B208%7Dcebola-robusta.jpg,CEBOLA - Escolha do cultivar - SCS379 Robusta
http://intranetdoc.epagri.sc.gov.br/sedimob/img_elemento/%5B12660%5D%7B202%7Dcebola-serena.jpg,CEBOLA - Escolha do cultivar - Serena
http://intranetdoc.epagri.sc.gov.br/sedimob/img_elemento/%5B16008%5D%7B102%7Dserengeti.png,CEBOLA - Escolha do cultivar - Serengeti
http://intranetdoc.epagri.sc.gov.br/sedimob/img_elemento/%5B12661%5D%7B80%7Dcebola-sirius.jpg,CEBOLA - Escolha do cultivar - Sírius
http://intranetdoc.epagri.sc.gov.br/sedimob/img_elemento/%5B12662%5D%7B202%7Dcebola-soberana.jpg,CEBOLA - Escolha do cultivar - Soberana
http://intranetdoc.epagri.sc.gov.br/sedimob/img_elemento/%5B17288%5D%7B387%7Dsprint.jpg,CEBOLA - Escolha do cultivar - Sprint
http://intranetdoc.epagri.sc.gov.br/sedimob/img_elemento/%5B12663%5D%7B174%7Dcebola-sulista.jpg,CEBOLA - Escolha do cultivar - Sulista
http://intranetdoc.epagri.sc.gov.br/sedimob/img_elemento/%5B12675%5D%7B199%7Dsuperex_%28amarela_clara%29.jpg,CEBOLA - Escolha do cultivar - Superex (Amarela Clara)
http://intranetdoc.epagri.sc.gov.br/sedimob/img_elemento/%5B12665%5D%7B78%7Dcebola-taiko.jpg,CEBOLA - Escolha do cultivar - Taiko
http://intranetdoc.epagri.sc.gov.br/sedimob/img_elemento/%5B12666%5D%7B106%7Dcebola-taila.jpg,CEBOLA - Escolha do cultivar - Taila
http://intranetdoc.epagri.sc.gov.br/sedimob/img_elemento/%5B12667%5D%7B467%7Dcebola-texas-early-grano-502.jpg,CEBOLA - Escolha do cultivar - Texas Early Grano 502 PRR
http://intranetdoc.epagri.sc.gov.br/sedimob/img_elemento/%5B12668%5D%7B193%7Dcebola-texas-grano-502.jpg,CEBOLA - Escolha do cultivar - Texas Grano 502
http://intranetdoc.epagri.sc.gov.br/sedimob/img_elemento/%5B12669%5D%7B300%7Dtropical_valley.webp,CEBOLA - Escolha do cultivar - Tropical Valley
http://intranetdoc.epagri.sc.gov.br/sedimob/img_elemento/%5B12670%5D%7B177%7Dcebola-vale-ouro.jpg,CEBOLA - Escolha do cultivar - Vale Ouro – IPA 11
http://intranetdoc.epagri.sc.gov.br/sedimob/img_elemento/%5B12671%5D%7B35%7Dcebola-vitoria.jpg,CEBOLA - Escolha do cultivar - Vitória
http://intranetdoc.epagri.sc.gov.br/sedimob/img_elemento/%5B12672%5D%7B131%7Dcebola-white-creole.jpg,CEBOLA - Escolha do cultivar - White Creole
http://intranetdoc.epagri.sc.gov.br/sedimob/img_elemento/%5B12673%5D%7B486%7Dxavante.jpg,CEBOLA - Escolha do cultivar - Xavante
http://intranetdoc.epagri.sc.gov.br/sedimob/img_elemento/%5B12674%5D%7B130%7Dxp_8010.jpg,CEBOLA - Escolha do cultivar - XP 8010
http://intranetdoc.epagri.sc.gov.br/sedimob/img_elemento/%5B12412%5D%7B50%7Dfigura_12.jpg,CEBOLA - Aspectos Fitotécnicos: Produção de mudas e espaçamento - Escolha da área de cultivo
https://intranetdoc.epagri.sc.gov.br/sedimob/arq_anexos/%5B12412%5D%7B406%7Dfoto-01-fotos-leandro-hahn-300x225.jpg,CEBOLA - Aspectos Fitotécnicos: Produção de mudas e espaçamento - Escolha da área de cultivo
https://intranetdoc.epagri.sc.gov.br/sedimob/arq_anexos/%5B12412%5D%7B11%7Dfigura_2.jpg,CEBOLA - Aspectos Fitotécnicos: Produção de mudas e espaçamento - Escolha da área de cultivo
https://intranetdoc.epagri.sc.gov.br/sedimob/arq_anexos/%5B12412%5D%7B476%7Dfigura_12.jpg,CEBOLA - Aspectos Fitotécnicos: Produção de mudas e espaçamento - Escolha da área de cultivo
https://intranetdoc.epagri.sc.gov.br/sedimob/arq_anexos/%5B12412%5D%7B375%7Dcenteio_e_nabo_cobertura_milheto_fertirrigacao.jpg,CEBOLA - Aspectos Fitotécnicos: Produção de mudas e espaçamento - Escolha da área de cultivo
https://intranetdoc.epagri.sc.gov.br/sedimob/arq_anexos/%5B12412%5D%7B174%7Darea_com_mucuna_e_milheto_2_sistemas_2014.jpg,CEBOLA - Aspectos Fitotécnicos: Produção de mudas e espaçamento - Escolha da área de cultivo
https://intranetdoc.epagri.sc.gov.br/sedimob/arq_anexos/%5B12412%5D%7B109%7Dfoto-02-o-sistema-de-plantio-direto-proporciona-conservacao-do-solo-169x300.jpg,CEBOLA - Aspectos Fitotécnicos: Produção de mudas e espaçamento - Escolha da área de cultivo
https://intranetdoc.epagri.sc.gov.br/sedimob/arq_anexos/%5B12412%5D%7B547%7Derosao_do_solo.jpg,CEBOLA - Aspectos Fitotécnicos: Produção de mudas e espaçamento - Escolha da área de cultivo
https://intranetdoc.epagri.sc.gov.br/sedimob/arq_anexos/%5B12412%5D%7B44%7Dimg-20191025-wa0016.jpg,CEBOLA - Aspectos Fitotécnicos: Produção de mudas e espaçamento - Escolha da área de cultivo
https://intranetdoc.epagri.sc.gov.br/sedimob/arq_anexos/%5B12412%5D%7B535%7Dimg_20191025_101630900.jpg,CEBOLA - Aspectos Fitotécnicos: Produção de mudas e espaçamento - Escolha da área de cultivo
https://intranetdoc.epagri.sc.gov.br/sedimob/arq_anexos/%5B12412%5D%7B498%7Dimg_20191025_101621753.jpg,CEBOLA - Aspectos Fitotécnicos: Produção de mudas e espaçamento - Escolha da área de cultivo
http://intranetdoc.epagri.sc.gov.br/sedimob/img_elemento/%5B12544%5D%7B127%7Dfigura_1.jpg,CEBOLA - Aspectos Fitotécnicos: Produção de mudas e espaçamento - Espaçamentos
https://intranetdoc.epagri.sc.gov.br/sedimob/arq_anexos/%5B12544%5D%7B121%7Dplantio_sobre_palhada.jpg,CEBOLA - Aspectos Fitotécnicos: Produção de mudas e espaçamento - Espaçamentos
https://intranetdoc.epagri.sc.gov.br/sedimob/arq_anexos/%5B12544%5D%7B449%7D300_mil.jpg,CEBOLA - Aspectos Fitotécnicos: Produção de mudas e espaçamento - Espaçamentos
https://intranetdoc.epagri.sc.gov.br/sedimob/arq_anexos/%5B12544%5D%7B385%7D300_mil_ha.jpg,CEBOLA - Aspectos Fitotécnicos: Produção de mudas e espaçamento - Espaçamentos
https://intranetdoc.epagri.sc.gov.br/sedimob/arq_anexos/%5B12544%5D%7B166%7D400_mil.jpg,CEBOLA - Aspectos Fitotécnicos: Produção de mudas e espaçamento - Espaçamentos
https://intranetdoc.epagri.sc.gov.br/sedimob/arq_anexos/%5B12544%5D%7B4%7D400_mil_ha.jpg,CEBOLA - Aspectos Fitotécnicos: Produção de mudas e espaçamento - Espaçamentos
https://intranetdoc.epagri.sc.gov.br/sedimob/arq_anexos/%5B12544%5D%7B131%7D500_mil.jpg,CEBOLA - Aspectos Fitotécnicos: Produção de mudas e espaçamento - Espaçamentos
https://intranetdoc.epagri.sc.gov.br/sedimob/arq_anexos/%5B12544%5D%7B318%7D500_mil_ha.jpg,CEBOLA - Aspectos Fitotécnicos: Produção de mudas e espaçamento - Espaçamentos
https://intranetdoc.epagri.sc.gov.br/sedimob/arq_anexos/%5B12544%5D%7B162%7D600_mil.jpg,CEBOLA - Aspectos Fitotécnicos: Produção de mudas e espaçamento - Espaçamentos
https://intranetdoc.epagri.sc.gov.br/sedimob/arq_anexos/%5B12544%5D%7B250%7D600_mil_ha.jpg,CEBOLA - Aspectos Fitotécnicos: Produção de mudas e espaçamento - Espaçamentos
https://intranetdoc.epagri.sc.gov.br/sedimob/arq_anexos/%5B12544%5D%7B388%7Dfigura_1.jpg,CEBOLA - Aspectos Fitotécnicos: Produção de mudas e espaçamento - Espaçamentos
http://intranetdoc.epagri.sc.gov.br/sedimob/img_elemento/%5B12543%5D%7B381%7Dmudas_em_ponto_de_transplante_2.jpg,CEBOLA - Aspectos Fitotécnicos: Produção de mudas e espaçamento - Semeadura e/ou Transplante das mudas
https://intranetdoc.epagri.sc.gov.br/sedimob/arq_anexos/%5B12543%5D%7B340%7Dmudas_em_ponto_de_transplante.jpg,CEBOLA - Aspectos Fitotécnicos: Produção de mudas e espaçamento - Semeadura e/ou Transplante das mudas
http://intranetdoc.epagri.sc.gov.br/sedimob/img_elemento/%5B12413%5D%7B401%7Dcanteiros_de_producao_de_mudas.jpg,CEBOLA - Aspectos Fitotécnicos: Produção de mudas e espaçamento - Sistema de produção de mudas
https://intranetdoc.epagri.sc.gov.br/sedimob/arq_anexos/%5B12413%5D%7B25%7Dtabela_1.jpg,CEBOLA - Aspectos Fitotécnicos: Produção de mudas e espaçamento - Sistema de produção de mudas
https://intranetdoc.epagri.sc.gov.br/sedimob/arq_anexos/%5B12413%5D%7B407%7Dtabela_2.jpg,CEBOLA - Aspectos Fitotécnicos: Produção de mudas e espaçamento - Sistema de produção de mudas
https://intranetdoc.epagri.sc.gov.br/sedimob/arq_anexos/%5B12413%5D%7B84%7Dcanteiro_de_producao_de_mudas.jpg,CEBOLA - Aspectos Fitotécnicos: Produção de mudas e espaçamento - Sistema de produção de mudas
https://intranetdoc.epagri.sc.gov.br/sedimob/arq_anexos/%5B14953%5D%7B320%7Dframe-adubacebola.png,"CEBOLA - Manejo do solo, correção, adubação e recomendações - Programa AdubaCebola 1.0"
http://intranetdoc.epagri.sc.gov.br/sedimob/img_elemento/%5B12710%5D%7B385%7Daplicacao_de_composto_organico_sobre_a_palhada_de_adubacao_verde_antes_do_plantio_da_cebola_em_sistema_de_plantio_direto..jpg,"CEBOLA - Manejo do solo, correção, adubação e recomendações - Adubação orgânica"
https://intranetdoc.epagri.sc.gov.br/sedimob/arq_anexos/%5B12717%5D%7B243%7Dfigura.jpg,"CEBOLA - Manejo do solo, correção, adubação e recomendações - Análise de solo, tecido vegetal e diagnose visual - Análise de solo"
https://intranetdoc.epagri.sc.gov.br/sedimob/arq_anexos/%5B12721%5D%7B60%7Dtabela_1.jpg,"CEBOLA - Manejo do solo, correção, adubação e recomendações - Análise de solo, tecido vegetal e diagnose visual - Amostragem de tecido vegetal"
https://intranetdoc.epagri.sc.gov.br/sedimob/arq_anexos/%5B12727%5D%7B110%7Dfigura_1.jpg,"CEBOLA - Manejo do solo, correção, adubação e recomendações - Crescimento e acúmulo de massa seca pela cebola"
http://intranetdoc.epagri.sc.gov.br/sedimob/img_elemento/%5B12706%5D%7B296%7Dfigura_19a.jpg,"CEBOLA - Manejo do solo, correção, adubação e recomendações - Manejo dos nutrientes e recomendação de adubação - Boro (B)"
https://intranetdoc.epagri.sc.gov.br/sedimob/arq_anexos/%5B12706%5D%7B512%7Dfigura_19.jpg,"CEBOLA - Manejo do solo, correção, adubação e recomendações - Manejo dos nutrientes e recomendação de adubação - Boro (B)"
http://intranetdoc.epagri.sc.gov.br/sedimob/img_elemento/%5B12701%5D%7B40%7Dfigura_14.jpg,"CEBOLA - Manejo do solo, correção, adubação e recomendações - Manejo dos nutrientes e recomendação de adubação - Cálcio (Ca)"
https://intranetdoc.epagri.sc.gov.br/sedimob/arq_anexos/%5B12701%5D%7B369%7Dfigura_14.jpg,"CEBOLA - Manejo do solo, correção, adubação e recomendações - Manejo dos nutrientes e recomendação de adubação - Cálcio (Ca)"
http://intranetdoc.epagri.sc.gov.br/sedimob/img_elemento/%5B12703%5D%7B60%7Dfigura_16a.jpg,"CEBOLA - Manejo do solo, correção, adubação e recomendações - Manejo dos nutrientes e recomendação de adubação - Enxofre (S)"
https://intranetdoc.epagri.sc.gov.br/sedimob/arq_anexos/%5B12703%5D%7B504%7Dfigura_16.jpg,"CEBOLA - Manejo do solo, correção, adubação e recomendações - Manejo dos nutrientes e recomendação de adubação - Enxofre (S)"
http://intranetdoc.epagri.sc.gov.br/sedimob/img_elemento/%5B12699%5D%7B299%7Dfigura_11.jpg,"CEBOLA - Manejo do solo, correção, adubação e recomendações - Manejo dos nutrientes e recomendação de adubação - Fósforo (P)"
https://intranetdoc.epagri.sc.gov.br/sedimob/arq_anexos/%5B12699%5D%7B276%7Dfigura_11.jpg,"CEBOLA - Manejo do solo, correção, adubação e recomendações - Manejo dos nutrientes e recomendação de adubação - Fósforo (P)"
https://intranetdoc.epagri.sc.gov.br/sedimob/arq_anexos/%5B12699%5D%7B534%7Dtabela_4.jpg,"CEBOLA - Manejo do solo, correção, adubação e recomendações - Manejo dos nutrientes e recomendação de adubação - Fósforo (P)"
https://intranetdoc.epagri.sc.gov.br/sedimob/arq_anexos/%5B12699%5D%7B455%7Dtabela_5.jpg,"CEBOLA - Manejo do solo, correção, adubação e recomendações - Manejo dos nutrientes e recomendação de adubação - Fósforo (P)"
https://intranetdoc.epagri.sc.gov.br/sedimob/arq_anexos/%5B12699%5D%7B310%7Dfigura_12.jpg,"CEBOLA - Manejo do solo, correção, adubação e recomendações - Manejo dos nutrientes e recomendação de adubação - Fósforo (P)"
http://intranetdoc.epagri.sc.gov.br/sedimob/img_elemento/%5B12702%5D%7B168%7Dfigura_15.jpg,"CEBOLA - Manejo do solo, correção, adubação e recomendações - Manejo dos nutrientes e recomendação de adubação - Magnésio (Mg)"
https://intranetdoc.epagri.sc.gov.br/sedimob/arq_anexos/%5B12702%5D%7B350%7Dfigura_15.jpg,"CEBOLA - Manejo do solo, correção, adubação e recomendações - Manejo dos nutrientes e recomendação de adubação - Magnésio (Mg)"
http://intranetdoc.epagri.sc.gov.br/sedimob/img_elemento/%5B12704%5D%7B366%7Dfigura_17a.jpg,"CEBOLA - Manejo do solo, correção, adubação e recomendações - Manejo dos nutrientes e recomendação de adubação - Manganês (Mn)"
https://intranetdoc.epagri.sc.gov.br/sedimob/arq_anexos/%5B12704%5D%7B388%7Dfigura_17.jpg,"CEBOLA - Manejo do solo, correção, adubação e recomendações - Manejo dos nutrientes e recomendação de adubação - Manganês (Mn)"
http://intranetdoc.epagri.sc.gov.br/sedimob/img_elemento/%5B12694%5D%7B508%7D%5B12694%5D%7B129%7Dfigura_3.jpg,"CEBOLA - Manejo do solo, correção, adubação e recomendações - Manejo dos nutrientes e recomendação de adubação - Nitrogênio (N)"
http://intranetdoc.epagri.sc.gov.br/sedimob/img_elemento/%5B12694%5D%7B508%7D%5B12694%5D%7B129%7Dfigura_3.jpg,"CEBOLA - Manejo do solo, correção, adubação e recomendações - Manejo dos nutrientes e recomendação de adubação - Nitrogênio (N) - 1. Informações gerais"
https://intranetdoc.epagri.sc.gov.br/sedimob/arq_anexos/%5B12694%5D%7B129%7Dfigura_3.jpg,"CEBOLA - Manejo do solo, correção, adubação e recomendações - Manejo dos nutrientes e recomendação de adubação - Nitrogênio (N) - 1. Informações gerais"
https://intranetdoc.epagri.sc.gov.br/sedimob/arq_anexos/%5B12695%5D%7B30%7Dtabela_3.jpg,"CEBOLA - Manejo do solo, correção, adubação e recomendações - Manejo dos nutrientes e recomendação de adubação - Nitrogênio (N) - 2. Recomendação de nitrogênio para a cebola"
https://intranetdoc.epagri.sc.gov.br/sedimob/arq_anexos/%5B12695%5D%7B525%7Dfigura_4.jpg,"CEBOLA - Manejo do solo, correção, adubação e recomendações - Manejo dos nutrientes e recomendação de adubação - Nitrogênio (N) - 2. Recomendação de nitrogênio para a cebola"
https://intranetdoc.epagri.sc.gov.br/sedimob/arq_anexos/%5B12695%5D%7B146%7Dfigura_5.jpg,"CEBOLA - Manejo do solo, correção, adubação e recomendações - Manejo dos nutrientes e recomendação de adubação - Nitrogênio (N) - 2. Recomendação de nitrogênio para a cebola"
http://intranetdoc.epagri.sc.gov.br/sedimob/img_elemento/%5B12698%5D%7B513%7Dfigura_8_-_copia.jpg,"CEBOLA - Manejo do solo, correção, adubação e recomendações - Manejo dos nutrientes e recomendação de adubação - Nitrogênio (N) - 3. Diagnose do estado de N em tempo real (diagnose foliar indireta) - Índice de clorofila (IC)"
https://intranetdoc.epagri.sc.gov.br/sedimob/arq_anexos/%5B12698%5D%7B118%7Dfigura_8.jpg,"CEBOLA - Manejo do solo, correção, adubação e recomendações - Manejo dos nutrientes e recomendação de adubação - Nitrogênio (N) - 3. Diagnose do estado de N em tempo real (diagnose foliar indireta) - Índice de clorofila (IC)"
https://intranetdoc.epagri.sc.gov.br/sedimob/arq_anexos/%5B12698%5D%7B413%7Dfigura_9.jpg,"CEBOLA - Manejo do solo, correção, adubação e recomendações - Manejo dos nutrientes e recomendação de adubação - Nitrogênio (N) - 3. Diagnose do estado de N em tempo real (diagnose foliar indireta) - Índice de clorofila (IC)"
https://intranetdoc.epagri.sc.gov.br/sedimob/arq_anexos/%5B12698%5D%7B411%7Dfigura_10.jpg,"CEBOLA - Manejo do solo, correção, adubação e recomendações - Manejo dos nutrientes e recomendação de adubação - Nitrogênio (N) - 3. Diagnose do estado de N em tempo real (diagnose foliar indireta) - Índice de clorofila (IC)"
https://intranetdoc.epagri.sc.gov.br/sedimob/arq_anexos/%5B12696%5D%7B246%7Dfigura_6.jpg,"CEBOLA - Manejo do solo, correção, adubação e recomendações - Manejo dos nutrientes e recomendação de adubação - Nitrogênio (N) - 3. Diagnose do estado de N em tempo real (diagnose foliar indireta) - Nitrato na seiva"
https://intranetdoc.epagri.sc.gov.br/sedimob/arq_anexos/%5B12696%5D%7B350%7Dfigura_7.jpg,"CEBOLA - Manejo do solo, correção, adubação e recomendações - Manejo dos nutrientes e recomendação de adubação - Nitrogênio (N) - 3. Diagnose do estado de N em tempo real (diagnose foliar indireta) - Nitrato na seiva"
http://intranetdoc.epagri.sc.gov.br/sedimob/img_elemento/%5B12700%5D%7B310%7Dfigura_13.jpg,"CEBOLA - Manejo do solo, correção, adubação e recomendações - Manejo dos nutrientes e recomendação de adubação - Potássio (K)"
https://intranetdoc.epagri.sc.gov.br/sedimob/arq_anexos/%5B12700%5D%7B253%7Dfigura_13.jpg,"CEBOLA - Manejo do solo, correção, adubação e recomendações - Manejo dos nutrientes e recomendação de adubação - Potássio (K)"
https://intranetdoc.epagri.sc.gov.br/sedimob/arq_anexos/%5B12700%5D%7B536%7Dtabela_6.jpg,"CEBOLA - Manejo do solo, correção, adubação e recomendações - Manejo dos nutrientes e recomendação de adubação - Potássio (K)"
https://intranetdoc.epagri.sc.gov.br/sedimob/arq_anexos/%5B12700%5D%7B88%7Dtabela_7.jpg,"CEBOLA - Manejo do solo, correção, adubação e recomendações - Manejo dos nutrientes e recomendação de adubação - Potássio (K)"
http://intranetdoc.epagri.sc.gov.br/sedimob/img_elemento/%5B12705%5D%7B524%7Dfigura_18.jpg,"CEBOLA - Manejo do solo, correção, adubação e recomendações - Manejo dos nutrientes e recomendação de adubação - Zinco (Zn)"
https://intranetdoc.epagri.sc.gov.br/sedimob/arq_anexos/%5B12705%5D%7B122%7Dfigura_18.jpg,"CEBOLA - Manejo do solo, correção, adubação e recomendações - Manejo dos nutrientes e recomendação de adubação - Zinco (Zn)"
http://intranetdoc.epagri.sc.gov.br/sedimob/img_elemento/%5B12693%5D%7B369%7Dferti.jpg,"CEBOLA - Manejo do solo, correção, adubação e recomendações - Sistema fertirrigado - Conceito Geral"
https://intranetdoc.epagri.sc.gov.br/sedimob/arq_anexos/%5B12693%5D%7B135%7Dfoto_sistema_fertirrigado_em_ponto_de_colheita.jpg,"CEBOLA - Manejo do solo, correção, adubação e recomendações - Sistema fertirrigado - Conceito Geral"
http://intranetdoc.epagri.sc.gov.br/sedimob/img_elemento/%5B12691%5D%7B358%7Dfigura_2.jpg,"CEBOLA - Manejo do solo, correção, adubação e recomendações - Sistema fertirrigado - Considerações e recomendações gerais"
https://intranetdoc.epagri.sc.gov.br/sedimob/arq_anexos/%5B12691%5D%7B92%7Dfigura_1.jpg,"CEBOLA - Manejo do solo, correção, adubação e recomendações - Sistema fertirrigado - Considerações e recomendações gerais"
https://intranetdoc.epagri.sc.gov.br/sedimob/arq_anexos/%5B12691%5D%7B448%7Dfigura_2.jpg,"CEBOLA - Manejo do solo, correção, adubação e recomendações - Sistema fertirrigado - Considerações e recomendações gerais"
https://intranetdoc.epagri.sc.gov.br/sedimob/arq_anexos/%5B12691%5D%7B179%7Dtabela_1.jpg,"CEBOLA - Manejo do solo, correção, adubação e recomendações - Sistema fertirrigado - Considerações e recomendações gerais"
http://intranetdoc.epagri.sc.gov.br/sedimob/img_elemento/%5B13058%5D%7B41%7Daplicacao_manual_de_biocarvao_antes_da_incorporacao_com_grade..jpg,"CEBOLA - Manejo do solo, correção, adubação e recomendações - Uso de condicionador de solo - Biocarvão"
https://intranetdoc.epagri.sc.gov.br/sedimob/arq_anexos/%5B13058%5D%7B268%7Daplicacao_manual_de_biocarvao_antes_da_incorporacao_com_grade..jpg,"CEBOLA - Manejo do solo, correção, adubação e recomendações - Uso de condicionador de solo - Biocarvão"
https://intranetdoc.epagri.sc.gov.br/sedimob/arq_anexos/%5B13058%5D%7B478%7Dnesse_caso_nao_ha_incorporacao_do_biocarvao_aplicado_sobre_a_palhada..jpg,"CEBOLA - Manejo do solo, correção, adubação e recomendações - Uso de condicionador de solo - Biocarvão"
https://intranetdoc.epagri.sc.gov.br/sedimob/arq_anexos/%5B13058%5D%7B204%7Dparcela_com_aplicacao_de_biocarvao_sobre_palhada_de_adubacao_verde_antes_do_plantio_de_cebola_em_sistema_de_plantio_direto._nao_e_feita_a_incorporacao_de_biocarvao..jpg,"CEBOLA - Manejo do solo, correção, adubação e recomendações - Uso de condicionador de solo - Biocarvão"
http://intranetdoc.epagri.sc.gov.br/sedimob/img_elemento/%5B12680%5D%7B11%7Ddsc09256.jpg,CEBOLA - Manejo da água da irrigação - 2. Produção de mudas (canteiro de mudas)
http://intranetdoc.epagri.sc.gov.br/sedimob/img_elemento/%5B12681%5D%7B391%7Dimg_20190724_152221389.jpg,CEBOLA - Manejo da água da irrigação - 3. Produção a campo (Lavoura)
https://intranetdoc.epagri.sc.gov.br/sedimob/arq_anexos/%5B12681%5D%7B507%7Dimg_20190729_151128486.jpg,CEBOLA - Manejo da água da irrigação - 3. Produção a campo (Lavoura)
https://intranetdoc.epagri.sc.gov.br/sedimob/arq_anexos/%5B12681%5D%7B337%7Dfoto_-_manejo_da_agua.jpg,CEBOLA - Manejo da água da irrigação - 3. Produção a campo (Lavoura)
https://intranetdoc.epagri.sc.gov.br/sedimob/arq_anexos/%5B12682%5D%7B465%7Dtabela_1.jpg,CEBOLA - Manejo de plantas daninhas - Manejo de plantas indesejáveis
http://intranetdoc.epagri.sc.gov.br/sedimob/img_elemento/%5B12683%5D%7B54%7Dcapa_1.jpg,CEBOLA - Manejo de plantas daninhas - Plantas infestantes de difícil manejo
https://intranetdoc.epagri.sc.gov.br/sedimob/arq_anexos/%5B12683%5D%7B466%7Dlosna_1.jpg,CEBOLA - Manejo de plantas daninhas - Plantas infestantes de difícil manejo
https://intranetdoc.epagri.sc.gov.br/sedimob/arq_anexos/%5B12683%5D%7B297%7Dlosna_2.jpg,CEBOLA - Manejo de plantas daninhas - Plantas infestantes de difícil manejo
https://intranetdoc.epagri.sc.gov.br/sedimob/arq_anexos/%5B12683%5D%7B337%7Dpega_pinto_1.jpg,CEBOLA - Manejo de plantas daninhas - Plantas infestantes de difícil manejo
https://intranetdoc.epagri.sc.gov.br/sedimob/arq_anexos/%5B12683%5D%7B508%7Dpega_pinto_6.jpg,CEBOLA - Manejo de plantas daninhas - Plantas infestantes de difícil manejo
http://intranetdoc.epagri.sc.gov.br/sedimob/img_elemento/%5B7377%5D%7B163%7Dcoll._principal_%281%29.jpg,CEBOLA - Manejo de doenças - Antracnose (Colletotrichum gloeosporioides)
https://intranetdoc.epagri.sc.gov.br/sedimob/arq_anexos/%5B7377%5D%7B6%7Dscreenshot_20200330-145127_adama_hf.jpg,CEBOLA - Manejo de doenças - Antracnose (Colletotrichum gloeosporioides)
https://intranetdoc.epagri.sc.gov.br/sedimob/arq_anexos/%5B7377%5D%7B267%7Dcoll._3.jpg,CEBOLA - Manejo de doenças - Antracnose (Colletotrichum gloeosporioides)
https://intranetdoc.epagri.sc.gov.br/sedimob/arq_anexos/%5B7377%5D%7B493%7Dcoll._1_%282%29.jpg,CEBOLA - Manejo de doenças - Antracnose (Colletotrichum gloeosporioides)
https://intranetdoc.epagri.sc.gov.br/sedimob/arq_anexos/%5B7377%5D%7B14%7Dcoll._2_%281%29.jpg,CEBOLA - Manejo de doenças - Antracnose (Colletotrichum gloeosporioides)
http://intranetdoc.epagri.sc.gov.br/sedimob/img_elemento/%5B12411%5D%7B33%7Dpodridao_bacteriana_principal.jpg,CEBOLA - Manejo de doenças - Bacterioses
https://intranetdoc.epagri.sc.gov.br/sedimob/arq_anexos/%5B12411%5D%7B372%7Dpodridao_bacteriana_principal.jpg,CEBOLA - Manejo de doenças - Bacterioses
https://intranetdoc.epagri.sc.gov.br/sedimob/arq_anexos/%5B12411%5D%7B106%7Dpodridao_bacteriana_2.jpg,CEBOLA - Manejo de doenças - Bacterioses
https://intranetdoc.epagri.sc.gov.br/sedimob/arq_anexos/%5B12411%5D%7B330%7Dpodridao_bacteriana_1.jpg,CEBOLA - Manejo de doenças - Bacterioses
https://intranetdoc.epagri.sc.gov.br/sedimob/arq_anexos/%5B12411%5D%7B267%7Dimg-9338_%281%29.jpg,CEBOLA - Manejo de doenças - Bacterioses
https://intranetdoc.epagri.sc.gov.br/sedimob/arq_anexos/%5B12411%5D%7B209%7Dimg-9340_%281%29.jpg,CEBOLA - Manejo de doenças - Bacterioses
http://intranetdoc.epagri.sc.gov.br/sedimob/img_elemento/%5B12407%5D%7B156%7D%5B12407%5D%7B278%7Dmildio_1.jpg,CEBOLA - Manejo de doenças - Míldio (Peronospora destructor)
https://intranetdoc.epagri.sc.gov.br/sedimob/arq_anexos/%5B12407%5D%7B278%7Dmildio_1.jpg,CEBOLA - Manejo de doenças - Míldio (Peronospora destructor)
https://intranetdoc.epagri.sc.gov.br/sedimob/arq_anexos/%5B12407%5D%7B432%7Dmildio_3.jpg,CEBOLA - Manejo de doenças - Míldio (Peronospora destructor)
https://intranetdoc.epagri.sc.gov.br/sedimob/arq_anexos/%5B12407%5D%7B259%7Dmildio_2.jpg,CEBOLA - Manejo de doenças - Míldio (Peronospora destructor)
http://intranetdoc.epagri.sc.gov.br/sedimob/img_elemento/%5B12409%5D%7B474%7Dpodridao_branca_principal.jpg,CEBOLA - Manejo de doenças - Podridão branca (Stromatinia cepivora)
https://intranetdoc.epagri.sc.gov.br/sedimob/arq_anexos/%5B12409%5D%7B5%7Dpodridao_branca_principal.jpg,CEBOLA - Manejo de doenças - Podridão branca (Stromatinia cepivora)
https://intranetdoc.epagri.sc.gov.br/sedimob/arq_anexos/%5B12409%5D%7B167%7Dpodridao_branca_2.jpg,CEBOLA - Manejo de doenças - Podridão branca (Stromatinia cepivora)
https://intranetdoc.epagri.sc.gov.br/sedimob/arq_anexos/%5B12409%5D%7B106%7Dpodridao_branca_1.jpg,CEBOLA - Manejo de doenças - Podridão branca (Stromatinia cepivora)
http://intranetdoc.epagri.sc.gov.br/sedimob/img_elemento/%5B12408%5D%7B299%7Dqueimas_das_pontas_principal_-_copia.jpg,CEBOLA - Manejo de doenças - Queima das pontas ou pinta branca (Botrytis squamosa)
https://intranetdoc.epagri.sc.gov.br/sedimob/arq_anexos/%5B12408%5D%7B538%7Dqueima_das_pontas_1.jpg,CEBOLA - Manejo de doenças - Queima das pontas ou pinta branca (Botrytis squamosa)
https://intranetdoc.epagri.sc.gov.br/sedimob/arq_anexos/%5B12408%5D%7B294%7Dqueima_das_pontas_2.jpg,CEBOLA - Manejo de doenças - Queima das pontas ou pinta branca (Botrytis squamosa)
https://intranetdoc.epagri.sc.gov.br/sedimob/arq_anexos/%5B12408%5D%7B417%7Dqueimas_das_pontas_principal.jpg,CEBOLA - Manejo de doenças - Queima das pontas ou pinta branca (Botrytis squamosa)
http://intranetdoc.epagri.sc.gov.br/sedimob/img_elemento/%5B7390%5D%7B304%7Dscreenshot_20200330-145259_adama_hf.jpg,CEBOLA - Manejo de doenças - Raiz Rosada (Pyrenochaeta terrestres)
https://intranetdoc.epagri.sc.gov.br/sedimob/arq_anexos/%5B7390%5D%7B162%7Dscreenshot_20200330-145257_adama_hf.jpg,CEBOLA - Manejo de doenças - Raiz Rosada (Pyrenochaeta terrestres)
https://intranetdoc.epagri.sc.gov.br/sedimob/arq_anexos/%5B7390%5D%7B531%7Dscreenshot_20200330-145301_adama_hf.jpg,CEBOLA - Manejo de doenças - Raiz Rosada (Pyrenochaeta terrestres)
https://intranetdoc.epagri.sc.gov.br/sedimob/arq_anexos/%5B7390%5D%7B392%7Dscreenshot_20200330-145259_adama_hf.jpg,CEBOLA - Manejo de doenças - Raiz Rosada (Pyrenochaeta terrestres)
http://intranetdoc.epagri.sc.gov.br/sedimob/img_elemento/%5B12410%5D%7B66%7Diysv_principal.jpg,CEBOLA - Manejo de doenças - Virose (Iris yellow spot orthotospovirus)
https://intranetdoc.epagri.sc.gov.br/sedimob/arq_anexos/%5B12410%5D%7B381%7Diysv_principal.jpg,CEBOLA - Manejo de doenças - Virose (Iris yellow spot orthotospovirus)
https://intranetdoc.epagri.sc.gov.br/sedimob/arq_anexos/%5B12410%5D%7B350%7Diysv_3.jpg,CEBOLA - Manejo de doenças - Virose (Iris yellow spot orthotospovirus)
https://intranetdoc.epagri.sc.gov.br/sedimob/arq_anexos/%5B12410%5D%7B118%7Diysv_2.jpg,CEBOLA - Manejo de doenças - Virose (Iris yellow spot orthotospovirus)
https://intranetdoc.epagri.sc.gov.br/sedimob/arq_anexos/%5B12410%5D%7B521%7Diysv_1.jpg,CEBOLA - Manejo de doenças - Virose (Iris yellow spot orthotospovirus)
http://intranetdoc.epagri.sc.gov.br/sedimob/img_elemento/%5B11972%5D%7B207%7Dgrilos_agrolink.jpg,CEBOLA - Manejo de pragas - Grilos (Gryllus assimilis)
https://intranetdoc.epagri.sc.gov.br/sedimob/arq_anexos/%5B11972%5D%7B322%7Dgrilos_agrolink.jpg,CEBOLA - Manejo de pragas - Grilos (Gryllus assimilis)
http://intranetdoc.epagri.sc.gov.br/sedimob/img_elemento/%5B11991%5D%7B501%7Dfigura_4_-_copia.jpg,CEBOLA - Manejo de pragas - Lagarta-Rosca (Agrotis ipsilon)
https://intranetdoc.epagri.sc.gov.br/sedimob/arq_anexos/%5B11991%5D%7B103%7Dfigura_4.jpg,CEBOLA - Manejo de pragas - Lagarta-Rosca (Agrotis ipsilon)
http://intranetdoc.epagri.sc.gov.br/sedimob/img_elemento/%5B12204%5D%7B236%7Dfigura_14_-_copia.jpg,CEBOLA - Manejo de pragas - Larva de mosca-minadora (Liriomyza sp.)
https://intranetdoc.epagri.sc.gov.br/sedimob/arq_anexos/%5B12204%5D%7B74%7Dfigura_14.jpg,CEBOLA - Manejo de pragas - Larva de mosca-minadora (Liriomyza sp.)
http://intranetdoc.epagri.sc.gov.br/sedimob/img_elemento/%5B12021%5D%7B523%7Dfigura_5_-_copia.jpg,CEBOLA - Manejo de pragas - Larvas de Moscas (Delia platura e Pseudosciara pedunculata)
https://intranetdoc.epagri.sc.gov.br/sedimob/arq_anexos/%5B12021%5D%7B403%7Dfigura_5.jpg,CEBOLA - Manejo de pragas - Larvas de Moscas (Delia platura e Pseudosciara pedunculata)
https://intranetdoc.epagri.sc.gov.br/sedimob/arq_anexos/%5B12021%5D%7B464%7Dfigura_6.jpg,CEBOLA - Manejo de pragas - Larvas de Moscas (Delia platura e Pseudosciara pedunculata)
http://intranetdoc.epagri.sc.gov.br/sedimob/img_elemento/%5B11971%5D%7B121%7D5.jpg,CEBOLA - Manejo de pragas - Mosca-da-Cebola (Delia platura)
https://intranetdoc.epagri.sc.gov.br/sedimob/arq_anexos/%5B11971%5D%7B495%7Dfigura_2.jpg,CEBOLA - Manejo de pragas - Mosca-da-Cebola (Delia platura)
https://intranetdoc.epagri.sc.gov.br/sedimob/arq_anexos/%5B11971%5D%7B271%7D1.jpg,CEBOLA - Manejo de pragas - Mosca-da-Cebola (Delia platura)
https://intranetdoc.epagri.sc.gov.br/sedimob/arq_anexos/%5B11971%5D%7B80%7Dfigura_3.jpg,CEBOLA - Manejo de pragas - Mosca-da-Cebola (Delia platura)
https://intranetdoc.epagri.sc.gov.br/sedimob/arq_anexos/%5B11971%5D%7B173%7D2.jpg,CEBOLA - Manejo de pragas - Mosca-da-Cebola (Delia platura)
https://intranetdoc.epagri.sc.gov.br/sedimob/arq_anexos/%5B11971%5D%7B535%7D3.jpg,CEBOLA - Manejo de pragas - Mosca-da-Cebola (Delia platura)
https://intranetdoc.epagri.sc.gov.br/sedimob/arq_anexos/%5B11971%5D%7B178%7D4.jpg,CEBOLA - Manejo de pragas - Mosca-da-Cebola (Delia platura)
https://intranetdoc.epagri.sc.gov.br/sedimob/arq_anexos/%5B11971%5D%7B536%7D5.jpg,CEBOLA - Manejo de pragas - Mosca-da-Cebola (Delia platura)
https://intranetdoc.epagri.sc.gov.br/sedimob/arq_anexos/%5B11971%5D%7B301%7D6.jpg,CEBOLA - Manejo de pragas - Mosca-da-Cebola (Delia platura)
https://intranetdoc.epagri.sc.gov.br/sedimob/arq_anexos/%5B11971%5D%7B30%7D7.jpg,CEBOLA - Manejo de pragas - Mosca-da-Cebola (Delia platura)
https://intranetdoc.epagri.sc.gov.br/sedimob/arq_anexos/%5B11971%5D%7B75%7D8.jpg,CEBOLA - Manejo de pragas - Mosca-da-Cebola (Delia platura)
https://intranetdoc.epagri.sc.gov.br/sedimob/arq_anexos/%5B11971%5D%7B352%7D2.jpg,CEBOLA - Manejo de pragas - Mosca-da-Cebola (Delia platura)
https://intranetdoc.epagri.sc.gov.br/sedimob/arq_anexos/%5B11971%5D%7B119%7D3.jpg,CEBOLA - Manejo de pragas - Mosca-da-Cebola (Delia platura)
https://intranetdoc.epagri.sc.gov.br/sedimob/arq_anexos/%5B11971%5D%7B102%7D4.jpg,CEBOLA - Manejo de pragas - Mosca-da-Cebola (Delia platura)
https://intranetdoc.epagri.sc.gov.br/sedimob/arq_anexos/%5B11971%5D%7B262%7D1.jpg,CEBOLA - Manejo de pragas - Mosca-da-Cebola (Delia platura)
https://intranetdoc.epagri.sc.gov.br/sedimob/arq_anexos/%5B11971%5D%7B49%7D5.jpg,CEBOLA - Manejo de pragas - Mosca-da-Cebola (Delia platura)
https://intranetdoc.epagri.sc.gov.br/sedimob/arq_anexos/%5B11971%5D%7B220%7D6.jpg,CEBOLA - Manejo de pragas - Mosca-da-Cebola (Delia platura)
https://intranetdoc.epagri.sc.gov.br/sedimob/arq_anexos/%5B11971%5D%7B152%7D7.jpg,CEBOLA - Manejo de pragas - Mosca-da-Cebola (Delia platura)
https://intranetdoc.epagri.sc.gov.br/sedimob/arq_anexos/%5B11971%5D%7B100%7D8.jpg,CEBOLA - Manejo de pragas - Mosca-da-Cebola (Delia platura)
http://intranetdoc.epagri.sc.gov.br/sedimob/img_elemento/%5B12203%5D%7B302%7Dfigura_7_-_copia.jpg,CEBOLA - Manejo de pragas - Piolho ou Tripes da cebola (Thrips tabaci)
https://intranetdoc.epagri.sc.gov.br/sedimob/arq_anexos/%5B12203%5D%7B437%7Dfigura_7.jpg,CEBOLA - Manejo de pragas - Piolho ou Tripes da cebola (Thrips tabaci)
https://intranetdoc.epagri.sc.gov.br/sedimob/arq_anexos/%5B12203%5D%7B519%7Dfigura_8.jpg,CEBOLA - Manejo de pragas - Piolho ou Tripes da cebola (Thrips tabaci)
https://intranetdoc.epagri.sc.gov.br/sedimob/arq_anexos/%5B12203%5D%7B40%7Dfigura_9.jpg,CEBOLA - Manejo de pragas - Piolho ou Tripes da cebola (Thrips tabaci)
https://intranetdoc.epagri.sc.gov.br/sedimob/arq_anexos/%5B12203%5D%7B453%7D%5B12203%5D%7B40%7Dfigura_9.jpg,CEBOLA - Manejo de pragas - Piolho ou Tripes da cebola (Thrips tabaci)
https://intranetdoc.epagri.sc.gov.br/sedimob/arq_anexos/%5B12203%5D%7B438%7Dfigura_10.jpg,CEBOLA - Manejo de pragas - Piolho ou Tripes da cebola (Thrips tabaci)
https://intranetdoc.epagri.sc.gov.br/sedimob/arq_anexos/%5B12203%5D%7B224%7Dfigura_13.jpg,CEBOLA - Manejo de pragas - Piolho ou Tripes da cebola (Thrips tabaci)
https://intranetdoc.epagri.sc.gov.br/sedimob/arq_anexos/%5B12203%5D%7B256%7Dfigura_11.jpg,CEBOLA - Manejo de pragas - Piolho ou Tripes da cebola (Thrips tabaci)
https://intranetdoc.epagri.sc.gov.br/sedimob/arq_anexos/%5B12203%5D%7B89%7Dtabela_1.jpg,CEBOLA - Manejo de pragas - Piolho ou Tripes da cebola (Thrips tabaci)
https://intranetdoc.epagri.sc.gov.br/sedimob/arq_anexos/%5B12203%5D%7B460%7Dfigura_12.jpg,CEBOLA - Manejo de pragas - Piolho ou Tripes da cebola (Thrips tabaci)
http://intranetdoc.epagri.sc.gov.br/sedimob/img_elemento/%5B11969%5D%7B435%7Dfigura_1_-_copia.jpg,CEBOLA - Manejo de pragas - Vaquinha (Diabrotica speciosa)
https://intranetdoc.epagri.sc.gov.br/sedimob/arq_anexos/%5B11969%5D%7B314%7Dfigura_1.jpg,CEBOLA - Manejo de pragas - Vaquinha (Diabrotica speciosa)
http://intranetdoc.epagri.sc.gov.br/sedimob/img_estrutura/%5B16643%5D%7B160%7D%5B12407%5D%7B259%7Dmildio_2_%281%29.jpg,CEBOLA - DIAGNOSE VISUAL
http://intranetdoc.epagri.sc.gov.br/sedimob/img_estrutura/%5B16643%5D%7B477%7D%5B12411%5D%7B372%7Dpodridao_bacteriana_principal.jpg,CEBOLA - DIAGNOSE VISUAL
http://intranetdoc.epagri.sc.gov.br/sedimob/img_estrutura/%5B16643%5D%7B225%7D%5B7390%5D%7B162%7Dscreenshot_20200330-145257_adama_hf.jpg,CEBOLA - DIAGNOSE VISUAL
http://intranetdoc.epagri.sc.gov.br/sedimob/img_estrutura/%5B16643%5D%7B160%7D%5B12407%5D%7B259%7Dmildio_2_%281%29.jpg,CEBOLA - DIAGNOSE VISUAL - Folhas
http://intranetdoc.epagri.sc.gov.br/sedimob/img_estrutura/%5B16647%5D%7B43%7D%5B12204%5D%7B236%7Dfigura_14_-_copia.jpg,CEBOLA - DIAGNOSE VISUAL - Folhas
http://intranetdoc.epagri.sc.gov.br/sedimob/img_estrutura/%5B16647%5D%7B76%7D%5B12706%5D%7B296%7Dfigura_19a.jpg,CEBOLA - DIAGNOSE VISUAL - Folhas
http://intranetdoc.epagri.sc.gov.br/sedimob/img_estrutura/%5B16647%5D%7B550%7D%5B12407%5D%7B278%7Dmildio_1.jpg,CEBOLA - DIAGNOSE VISUAL - Folhas
http://intranetdoc.epagri.sc.gov.br/sedimob/img_estrutura/%5B16647%5D%7B413%7D%5B12410%5D%7B66%7Diysv_principal.jpg,CEBOLA - DIAGNOSE VISUAL - Folhas
http://intranetdoc.epagri.sc.gov.br/sedimob/img_estrutura/%5B16647%5D%7B402%7D%5B12699%5D%7B276%7Dfigura_11.jpg,CEBOLA - DIAGNOSE VISUAL - Folhas
http://intranetdoc.epagri.sc.gov.br/sedimob/img_estrutura/%5B16647%5D%7B301%7D%5B12408%5D%7B294%7Dqueima_das_pontas_2.jpg,CEBOLA - DIAGNOSE VISUAL - Folhas
http://intranetdoc.epagri.sc.gov.br/sedimob/img_estrutura/%5B16647%5D%7B61%7D%5B11991%5D%7B103%7Dfigura_4.jpg,CEBOLA - DIAGNOSE VISUAL - Folhas
http://intranetdoc.epagri.sc.gov.br/sedimob/img_estrutura/%5B16647%5D%7B43%7D%5B12204%5D%7B236%7Dfigura_14_-_copia.jpg,"CEBOLA - DIAGNOSE VISUAL - Folhas - Buracos, galerias e raspagens"
http://intranetdoc.epagri.sc.gov.br/sedimob/img_estrutura/%5B16696%5D%7B469%7D%5B12204%5D%7B236%7Dfigura_14_-_copia.jpg,"CEBOLA - DIAGNOSE VISUAL - Folhas - Buracos, galerias e raspagens"
http://intranetdoc.epagri.sc.gov.br/sedimob/img_estrutura/%5B16696%5D%7B415%7D%5B12203%5D%7B40%7Dfigura_9.jpg,"CEBOLA - DIAGNOSE VISUAL - Folhas - Buracos, galerias e raspagens"
http://intranetdoc.epagri.sc.gov.br/sedimob/img_elemento/%5B12204%5D%7B236%7Dfigura_14_-_copia.jpg,CEBOLA - Manejo de pragas - Larva de mosca-minadora (Liriomyza sp.)
https://intranetdoc.epagri.sc.gov.br/sedimob/arq_anexos/%5B12204%5D%7B74%7Dfigura_14.jpg,CEBOLA - Manejo de pragas - Larva de mosca-minadora (Liriomyza sp.)
http://intranetdoc.epagri.sc.gov.br/sedimob/img_elemento/%5B12203%5D%7B302%7Dfigura_7_-_copia.jpg,CEBOLA - Manejo de pragas - Piolho ou Tripes da cebola (Thrips tabaci)
https://intranetdoc.epagri.sc.gov.br/sedimob/arq_anexos/%5B12203%5D%7B437%7Dfigura_7.jpg,CEBOLA - Manejo de pragas - Piolho ou Tripes da cebola (Thrips tabaci)
https://intranetdoc.epagri.sc.gov.br/sedimob/arq_anexos/%5B12203%5D%7B519%7Dfigura_8.jpg,CEBOLA - Manejo de pragas - Piolho ou Tripes da cebola (Thrips tabaci)
https://intranetdoc.epagri.sc.gov.br/sedimob/arq_anexos/%5B12203%5D%7B40%7Dfigura_9.jpg,CEBOLA - Manejo de pragas - Piolho ou Tripes da cebola (Thrips tabaci)
https://intranetdoc.epagri.sc.gov.br/sedimob/arq_anexos/%5B12203%5D%7B453%7D%5B12203%5D%7B40%7Dfigura_9.jpg,CEBOLA - Manejo de pragas - Piolho ou Tripes da cebola (Thrips tabaci)
https://intranetdoc.epagri.sc.gov.br/sedimob/arq_anexos/%5B12203%5D%7B438%7Dfigura_10.jpg,CEBOLA - Manejo de pragas - Piolho ou Tripes da cebola (Thrips tabaci)
https://intranetdoc.epagri.sc.gov.br/sedimob/arq_anexos/%5B12203%5D%7B224%7Dfigura_13.jpg,CEBOLA - Manejo de pragas - Piolho ou Tripes da cebola (Thrips tabaci)
https://intranetdoc.epagri.sc.gov.br/sedimob/arq_anexos/%5B12203%5D%7B256%7Dfigura_11.jpg,CEBOLA - Manejo de pragas - Piolho ou Tripes da cebola (Thrips tabaci)
https://intranetdoc.epagri.sc.gov.br/sedimob/arq_anexos/%5B12203%5D%7B89%7Dtabela_1.jpg,CEBOLA - Manejo de pragas - Piolho ou Tripes da cebola (Thrips tabaci)
https://intranetdoc.epagri.sc.gov.br/sedimob/arq_anexos/%5B12203%5D%7B460%7Dfigura_12.jpg,CEBOLA - Manejo de pragas - Piolho ou Tripes da cebola (Thrips tabaci)
http://intranetdoc.epagri.sc.gov.br/sedimob/img_estrutura/%5B16647%5D%7B76%7D%5B12706%5D%7B296%7Dfigura_19a.jpg,CEBOLA - DIAGNOSE VISUAL - Folhas - Deformação
http://intranetdoc.epagri.sc.gov.br/sedimob/img_estrutura/%5B16699%5D%7B408%7D%5B12706%5D%7B296%7Dfigura_19a.jpg,CEBOLA - DIAGNOSE VISUAL - Folhas - Deformação
http://intranetdoc.epagri.sc.gov.br/sedimob/img_estrutura/%5B16699%5D%7B450%7D%5B12700%5D%7B310%7Dfigura_13.jpg,CEBOLA - DIAGNOSE VISUAL - Folhas - Deformação
http://intranetdoc.epagri.sc.gov.br/sedimob/img_elemento/%5B12706%5D%7B296%7Dfigura_19a.jpg,"CEBOLA - Manejo do solo, correção, adubação e recomendações - Manejo dos nutrientes e recomendação de adubação - Boro (B)"
https://intranetdoc.epagri.sc.gov.br/sedimob/arq_anexos/%5B12706%5D%7B512%7Dfigura_19.jpg,"CEBOLA - Manejo do solo, correção, adubação e recomendações - Manejo dos nutrientes e recomendação de adubação - Boro (B)"
http://intranetdoc.epagri.sc.gov.br/sedimob/img_elemento/%5B12705%5D%7B524%7Dfigura_18.jpg,"CEBOLA - Manejo do solo, correção, adubação e recomendações - Manejo dos nutrientes e recomendação de adubação - Zinco (Zn)"
https://intranetdoc.epagri.sc.gov.br/sedimob/arq_anexos/%5B12705%5D%7B122%7Dfigura_18.jpg,"CEBOLA - Manejo do solo, correção, adubação e recomendações - Manejo dos nutrientes e recomendação de adubação - Zinco (Zn)"
http://intranetdoc.epagri.sc.gov.br/sedimob/img_estrutura/%5B16647%5D%7B550%7D%5B12407%5D%7B278%7Dmildio_1.jpg,CEBOLA - DIAGNOSE VISUAL - Folhas - Descoloração
http://intranetdoc.epagri.sc.gov.br/sedimob/img_estrutura/%5B16648%5D%7B267%7D%5B12703%5D%7B504%7Dfigura_16.jpg,CEBOLA - DIAGNOSE VISUAL - Folhas - Descoloração
http://intranetdoc.epagri.sc.gov.br/sedimob/img_estrutura/%5B16648%5D%7B401%7D%5B12699%5D%7B276%7Dfigura_11.jpg,CEBOLA - DIAGNOSE VISUAL - Folhas - Descoloração
http://intranetdoc.epagri.sc.gov.br/sedimob/img_estrutura/%5B16648%5D%7B207%7D%5B12702%5D%7B168%7Dfigura_15.jpg,CEBOLA - DIAGNOSE VISUAL - Folhas - Descoloração
http://intranetdoc.epagri.sc.gov.br/sedimob/img_estrutura/%5B16648%5D%7B206%7D%5B12694%5D%7B129%7Dfigura_3.jpg,CEBOLA - DIAGNOSE VISUAL - Folhas - Descoloração
http://intranetdoc.epagri.sc.gov.br/sedimob/img_estrutura/%5B16648%5D%7B528%7D%5B12704%5D%7B388%7Dfigura_17.jpg,CEBOLA - DIAGNOSE VISUAL - Folhas - Descoloração
http://intranetdoc.epagri.sc.gov.br/sedimob/img_estrutura/%5B16648%5D%7B186%7D%5B12407%5D%7B432%7Dmildio_3.jpg,CEBOLA - DIAGNOSE VISUAL - Folhas - Descoloração
http://intranetdoc.epagri.sc.gov.br/sedimob/img_estrutura/%5B16648%5D%7B344%7D%5B12407%5D%7B278%7Dmildio_1.jpg,CEBOLA - DIAGNOSE VISUAL - Folhas - Descoloração
http://intranetdoc.epagri.sc.gov.br/sedimob/img_estrutura/%5B16648%5D%7B192%7D%5B12407%5D%7B259%7Dmildio_2.jpg,CEBOLA - DIAGNOSE VISUAL - Folhas - Descoloração
http://intranetdoc.epagri.sc.gov.br/sedimob/img_elemento/%5B12703%5D%7B60%7Dfigura_16a.jpg,"CEBOLA - Manejo do solo, correção, adubação e recomendações - Manejo dos nutrientes e recomendação de adubação - Enxofre (S)"
https://intranetdoc.epagri.sc.gov.br/sedimob/arq_anexos/%5B12703%5D%7B504%7Dfigura_16.jpg,"CEBOLA - Manejo do solo, correção, adubação e recomendações - Manejo dos nutrientes e recomendação de adubação - Enxofre (S)"
http://intranetdoc.epagri.sc.gov.br/sedimob/img_elemento/%5B12699%5D%7B299%7Dfigura_11.jpg,"CEBOLA - Manejo do solo, correção, adubação e recomendações - Manejo dos nutrientes e recomendação de adubação - Fósforo (P)"
https://intranetdoc.epagri.sc.gov.br/sedimob/arq_anexos/%5B12699%5D%7B276%7Dfigura_11.jpg,"CEBOLA - Manejo do solo, correção, adubação e recomendações - Manejo dos nutrientes e recomendação de adubação - Fósforo (P)"
https://intranetdoc.epagri.sc.gov.br/sedimob/arq_anexos/%5B12699%5D%7B534%7Dtabela_4.jpg,"CEBOLA - Manejo do solo, correção, adubação e recomendações - Manejo dos nutrientes e recomendação de adubação - Fósforo (P)"
https://intranetdoc.epagri.sc.gov.br/sedimob/arq_anexos/%5B12699%5D%7B455%7Dtabela_5.jpg,"CEBOLA - Manejo do solo, correção, adubação e recomendações - Manejo dos nutrientes e recomendação de adubação - Fósforo (P)"
https://intranetdoc.epagri.sc.gov.br/sedimob/arq_anexos/%5B12699%5D%7B310%7Dfigura_12.jpg,"CEBOLA - Manejo do solo, correção, adubação e recomendações - Manejo dos nutrientes e recomendação de adubação - Fósforo (P)"
http://intranetdoc.epagri.sc.gov.br/sedimob/img_elemento/%5B12702%5D%7B168%7Dfigura_15.jpg,"CEBOLA - Manejo do solo, correção, adubação e recomendações - Manejo dos nutrientes e recomendação de adubação - Magnésio (Mg)"
https://intranetdoc.epagri.sc.gov.br/sedimob/arq_anexos/%5B12702%5D%7B350%7Dfigura_15.jpg,"CEBOLA - Manejo do solo, correção, adubação e recomendações - Manejo dos nutrientes e recomendação de adubação - Magnésio (Mg)"
http://intranetdoc.epagri.sc.gov.br/sedimob/img_elemento/%5B12694%5D%7B508%7D%5B12694%5D%7B129%7Dfigura_3.jpg,"CEBOLA - Manejo do solo, correção, adubação e recomendações - Manejo dos nutrientes e recomendação de adubação - Nitrogênio (N) - 1. Informações gerais"
https://intranetdoc.epagri.sc.gov.br/sedimob/arq_anexos/%5B12694%5D%7B129%7Dfigura_3.jpg,"CEBOLA - Manejo do solo, correção, adubação e recomendações - Manejo dos nutrientes e recomendação de adubação - Nitrogênio (N) - 1. Informações gerais"
http://intranetdoc.epagri.sc.gov.br/sedimob/img_elemento/%5B12704%5D%7B366%7Dfigura_17a.jpg,"CEBOLA - Manejo do solo, correção, adubação e recomendações - Manejo dos nutrientes e recomendação de adubação - Manganês (Mn)"
https://intranetdoc.epagri.sc.gov.br/sedimob/arq_anexos/%5B12704%5D%7B388%7Dfigura_17.jpg,"CEBOLA - Manejo do solo, correção, adubação e recomendações - Manejo dos nutrientes e recomendação de adubação - Manganês (Mn)"
http://intranetdoc.epagri.sc.gov.br/sedimob/img_elemento/%5B12407%5D%7B156%7D%5B12407%5D%7B278%7Dmildio_1.jpg,CEBOLA - Manejo de doenças - Míldio (Peronospora destructor)
https://intranetdoc.epagri.sc.gov.br/sedimob/arq_anexos/%5B12407%5D%7B278%7Dmildio_1.jpg,CEBOLA - Manejo de doenças - Míldio (Peronospora destructor)
https://intranetdoc.epagri.sc.gov.br/sedimob/arq_anexos/%5B12407%5D%7B432%7Dmildio_3.jpg,CEBOLA - Manejo de doenças - Míldio (Peronospora destructor)
https://intranetdoc.epagri.sc.gov.br/sedimob/arq_anexos/%5B12407%5D%7B259%7Dmildio_2.jpg,CEBOLA - Manejo de doenças - Míldio (Peronospora destructor)
http://intranetdoc.epagri.sc.gov.br/sedimob/img_elemento/%5B12407%5D%7B156%7D%5B12407%5D%7B278%7Dmildio_1.jpg,CEBOLA - Manejo de doenças - Míldio (Peronospora destructor)
https://intranetdoc.epagri.sc.gov.br/sedimob/arq_anexos/%5B12407%5D%7B278%7Dmildio_1.jpg,CEBOLA - Manejo de doenças - Míldio (Peronospora destructor)
https://intranetdoc.epagri.sc.gov.br/sedimob/arq_anexos/%5B12407%5D%7B432%7Dmildio_3.jpg,CEBOLA - Manejo de doenças - Míldio (Peronospora destructor)
https://intranetdoc.epagri.sc.gov.br/sedimob/arq_anexos/%5B12407%5D%7B259%7Dmildio_2.jpg,CEBOLA - Manejo de doenças - Míldio (Peronospora destructor)
http://intranetdoc.epagri.sc.gov.br/sedimob/img_elemento/%5B12407%5D%7B156%7D%5B12407%5D%7B278%7Dmildio_1.jpg,CEBOLA - Manejo de doenças - Míldio (Peronospora destructor)
https://intranetdoc.epagri.sc.gov.br/sedimob/arq_anexos/%5B12407%5D%7B278%7Dmildio_1.jpg,CEBOLA - Manejo de doenças - Míldio (Peronospora destructor)
https://intranetdoc.epagri.sc.gov.br/sedimob/arq_anexos/%5B12407%5D%7B432%7Dmildio_3.jpg,CEBOLA - Manejo de doenças - Míldio (Peronospora destructor)
https://intranetdoc.epagri.sc.gov.br/sedimob/arq_anexos/%5B12407%5D%7B259%7Dmildio_2.jpg,CEBOLA - Manejo de doenças - Míldio (Peronospora destructor)
http://intranetdoc.epagri.sc.gov.br/sedimob/img_estrutura/%5B16647%5D%7B413%7D%5B12410%5D%7B66%7Diysv_principal.jpg,CEBOLA - DIAGNOSE VISUAL - Folhas - Manchas
http://intranetdoc.epagri.sc.gov.br/sedimob/img_estrutura/%5B16662%5D%7B320%7D%5B12410%5D%7B350%7Diysv_3.jpg,CEBOLA - DIAGNOSE VISUAL - Folhas - Manchas
http://intranetdoc.epagri.sc.gov.br/sedimob/img_estrutura/%5B16662%5D%7B377%7D%5B12410%5D%7B118%7Diysv_2.jpg,CEBOLA - DIAGNOSE VISUAL - Folhas - Manchas
http://intranetdoc.epagri.sc.gov.br/sedimob/img_estrutura/%5B16662%5D%7B23%7D%5B12410%5D%7B521%7Diysv_1.jpg,CEBOLA - DIAGNOSE VISUAL - Folhas - Manchas
http://intranetdoc.epagri.sc.gov.br/sedimob/img_estrutura/%5B16662%5D%7B19%7D%5B12410%5D%7B66%7Diysv_principal.jpg,CEBOLA - DIAGNOSE VISUAL - Folhas - Manchas
http://intranetdoc.epagri.sc.gov.br/sedimob/img_elemento/%5B12410%5D%7B66%7Diysv_principal.jpg,CEBOLA - Manejo de doenças - Virose (Iris yellow spot orthotospovirus)
https://intranetdoc.epagri.sc.gov.br/sedimob/arq_anexos/%5B12410%5D%7B381%7Diysv_principal.jpg,CEBOLA - Manejo de doenças - Virose (Iris yellow spot orthotospovirus)
https://intranetdoc.epagri.sc.gov.br/sedimob/arq_anexos/%5B12410%5D%7B350%7Diysv_3.jpg,CEBOLA - Manejo de doenças - Virose (Iris yellow spot orthotospovirus)
https://intranetdoc.epagri.sc.gov.br/sedimob/arq_anexos/%5B12410%5D%7B118%7Diysv_2.jpg,CEBOLA - Manejo de doenças - Virose (Iris yellow spot orthotospovirus)
https://intranetdoc.epagri.sc.gov.br/sedimob/arq_anexos/%5B12410%5D%7B521%7Diysv_1.jpg,CEBOLA - Manejo de doenças - Virose (Iris yellow spot orthotospovirus)
http://intranetdoc.epagri.sc.gov.br/sedimob/img_elemento/%5B12410%5D%7B66%7Diysv_principal.jpg,CEBOLA - Manejo de doenças - Virose (Iris yellow spot orthotospovirus)
https://intranetdoc.epagri.sc.gov.br/sedimob/arq_anexos/%5B12410%5D%7B381%7Diysv_principal.jpg,CEBOLA - Manejo de doenças - Virose (Iris yellow spot orthotospovirus)
https://intranetdoc.epagri.sc.gov.br/sedimob/arq_anexos/%5B12410%5D%7B350%7Diysv_3.jpg,CEBOLA - Manejo de doenças - Virose (Iris yellow spot orthotospovirus)
https://intranetdoc.epagri.sc.gov.br/sedimob/arq_anexos/%5B12410%5D%7B118%7Diysv_2.jpg,CEBOLA - Manejo de doenças - Virose (Iris yellow spot orthotospovirus)
https://intranetdoc.epagri.sc.gov.br/sedimob/arq_anexos/%5B12410%5D%7B521%7Diysv_1.jpg,CEBOLA - Manejo de doenças - Virose (Iris yellow spot orthotospovirus)
http://intranetdoc.epagri.sc.gov.br/sedimob/img_elemento/%5B12410%5D%7B66%7Diysv_principal.jpg,CEBOLA - Manejo de doenças - Virose (Iris yellow spot orthotospovirus)
https://intranetdoc.epagri.sc.gov.br/sedimob/arq_anexos/%5B12410%5D%7B381%7Diysv_principal.jpg,CEBOLA - Manejo de doenças - Virose (Iris yellow spot orthotospovirus)
https://intranetdoc.epagri.sc.gov.br/sedimob/arq_anexos/%5B12410%5D%7B350%7Diysv_3.jpg,CEBOLA - Manejo de doenças - Virose (Iris yellow spot orthotospovirus)
https://intranetdoc.epagri.sc.gov.br/sedimob/arq_anexos/%5B12410%5D%7B118%7Diysv_2.jpg,CEBOLA - Manejo de doenças - Virose (Iris yellow spot orthotospovirus)
https://intranetdoc.epagri.sc.gov.br/sedimob/arq_anexos/%5B12410%5D%7B521%7Diysv_1.jpg,CEBOLA - Manejo de doenças - Virose (Iris yellow spot orthotospovirus)
http://intranetdoc.epagri.sc.gov.br/sedimob/img_elemento/%5B12410%5D%7B66%7Diysv_principal.jpg,CEBOLA - Manejo de doenças - Virose (Iris yellow spot orthotospovirus)
https://intranetdoc.epagri.sc.gov.br/sedimob/arq_anexos/%5B12410%5D%7B381%7Diysv_principal.jpg,CEBOLA - Manejo de doenças - Virose (Iris yellow spot orthotospovirus)
https://intranetdoc.epagri.sc.gov.br/sedimob/arq_anexos/%5B12410%5D%7B350%7Diysv_3.jpg,CEBOLA - Manejo de doenças - Virose (Iris yellow spot orthotospovirus)
https://intranetdoc.epagri.sc.gov.br/sedimob/arq_anexos/%5B12410%5D%7B118%7Diysv_2.jpg,CEBOLA - Manejo de doenças - Virose (Iris yellow spot orthotospovirus)
https://intranetdoc.epagri.sc.gov.br/sedimob/arq_anexos/%5B12410%5D%7B521%7Diysv_1.jpg,CEBOLA - Manejo de doenças - Virose (Iris yellow spot orthotospovirus)
http://intranetdoc.epagri.sc.gov.br/sedimob/img_estrutura/%5B16647%5D%7B402%7D%5B12699%5D%7B276%7Dfigura_11.jpg,CEBOLA - DIAGNOSE VISUAL - Folhas - Redução do crescimento
http://intranetdoc.epagri.sc.gov.br/sedimob/img_estrutura/%5B16702%5D%7B250%7D%5B16647%5D%7B402%7D%5B12699%5D%7B276%7Dfigura_11.jpg,CEBOLA - DIAGNOSE VISUAL - Folhas - Redução do crescimento
http://intranetdoc.epagri.sc.gov.br/sedimob/img_estrutura/%5B16702%5D%7B543%7D%5B12702%5D%7B168%7Dfigura_15.jpg,CEBOLA - DIAGNOSE VISUAL - Folhas - Redução do crescimento
http://intranetdoc.epagri.sc.gov.br/sedimob/img_estrutura/%5B16702%5D%7B309%7D%5B12694%5D%7B129%7Dfigura_3.jpg,CEBOLA - DIAGNOSE VISUAL - Folhas - Redução do crescimento
http://intranetdoc.epagri.sc.gov.br/sedimob/img_estrutura/%5B16702%5D%7B374%7D%5B12700%5D%7B310%7Dfigura_13.jpg,CEBOLA - DIAGNOSE VISUAL - Folhas - Redução do crescimento
http://intranetdoc.epagri.sc.gov.br/sedimob/img_estrutura/%5B16702%5D%7B80%7D%5B12705%5D%7B524%7Dfigura_18.jpg,CEBOLA - DIAGNOSE VISUAL - Folhas - Redução do crescimento
http://intranetdoc.epagri.sc.gov.br/sedimob/img_elemento/%5B12699%5D%7B299%7Dfigura_11.jpg,"CEBOLA - Manejo do solo, correção, adubação e recomendações - Manejo dos nutrientes e recomendação de adubação - Fósforo (P)"
https://intranetdoc.epagri.sc.gov.br/sedimob/arq_anexos/%5B12699%5D%7B276%7Dfigura_11.jpg,"CEBOLA - Manejo do solo, correção, adubação e recomendações - Manejo dos nutrientes e recomendação de adubação - Fósforo (P)"
https://intranetdoc.epagri.sc.gov.br/sedimob/arq_anexos/%5B12699%5D%7B534%7Dtabela_4.jpg,"CEBOLA - Manejo do solo, correção, adubação e recomendações - Manejo dos nutrientes e recomendação de adubação - Fósforo (P)"
https://intranetdoc.epagri.sc.gov.br/sedimob/arq_anexos/%5B12699%5D%7B455%7Dtabela_5.jpg,"CEBOLA - Manejo do solo, correção, adubação e recomendações - Manejo dos nutrientes e recomendação de adubação - Fósforo (P)"
https://intranetdoc.epagri.sc.gov.br/sedimob/arq_anexos/%5B12699%5D%7B310%7Dfigura_12.jpg,"CEBOLA - Manejo do solo, correção, adubação e recomendações - Manejo dos nutrientes e recomendação de adubação - Fósforo (P)"
http://intranetdoc.epagri.sc.gov.br/sedimob/img_elemento/%5B12702%5D%7B168%7Dfigura_15.jpg,"CEBOLA - Manejo do solo, correção, adubação e recomendações - Manejo dos nutrientes e recomendação de adubação - Magnésio (Mg)"
https://intranetdoc.epagri.sc.gov.br/sedimob/arq_anexos/%5B12702%5D%7B350%7Dfigura_15.jpg,"CEBOLA - Manejo do solo, correção, adubação e recomendações - Manejo dos nutrientes e recomendação de adubação - Magnésio (Mg)"
http://intranetdoc.epagri.sc.gov.br/sedimob/img_elemento/%5B12694%5D%7B508%7D%5B12694%5D%7B129%7Dfigura_3.jpg,"CEBOLA - Manejo do solo, correção, adubação e recomendações - Manejo dos nutrientes e recomendação de adubação - Nitrogênio (N) - 1. Informações gerais"
https://intranetdoc.epagri.sc.gov.br/sedimob/arq_anexos/%5B12694%5D%7B129%7Dfigura_3.jpg,"CEBOLA - Manejo do solo, correção, adubação e recomendações - Manejo dos nutrientes e recomendação de adubação - Nitrogênio (N) - 1. Informações gerais"
http://intranetdoc.epagri.sc.gov.br/sedimob/img_elemento/%5B12700%5D%7B310%7Dfigura_13.jpg,"CEBOLA - Manejo do solo, correção, adubação e recomendações - Manejo dos nutrientes e recomendação de adubação - Potássio (K)"
https://intranetdoc.epagri.sc.gov.br/sedimob/arq_anexos/%5B12700%5D%7B253%7Dfigura_13.jpg,"CEBOLA - Manejo do solo, correção, adubação e recomendações - Manejo dos nutrientes e recomendação de adubação - Potássio (K)"
https://intranetdoc.epagri.sc.gov.br/sedimob/arq_anexos/%5B12700%5D%7B536%7Dtabela_6.jpg,"CEBOLA - Manejo do solo, correção, adubação e recomendações - Manejo dos nutrientes e recomendação de adubação - Potássio (K)"
https://intranetdoc.epagri.sc.gov.br/sedimob/arq_anexos/%5B12700%5D%7B88%7Dtabela_7.jpg,"CEBOLA - Manejo do solo, correção, adubação e recomendações - Manejo dos nutrientes e recomendação de adubação - Potássio (K)"
http://intranetdoc.epagri.sc.gov.br/sedimob/img_elemento/%5B12705%5D%7B524%7Dfigura_18.jpg,"CEBOLA - Manejo do solo, correção, adubação e recomendações - Manejo dos nutrientes e recomendação de adubação - Zinco (Zn)"
https://intranetdoc.epagri.sc.gov.br/sedimob/arq_anexos/%5B12705%5D%7B122%7Dfigura_18.jpg,"CEBOLA - Manejo do solo, correção, adubação e recomendações - Manejo dos nutrientes e recomendação de adubação - Zinco (Zn)"
http://intranetdoc.epagri.sc.gov.br/sedimob/img_estrutura/%5B16647%5D%7B301%7D%5B12408%5D%7B294%7Dqueima_das_pontas_2.jpg,CEBOLA - DIAGNOSE VISUAL - Folhas - Seca/Necrose foliar
http://intranetdoc.epagri.sc.gov.br/sedimob/img_estrutura/%5B16657%5D%7B175%7D%5B12408%5D%7B417%7Dqueimas_das_pontas_principal.jpg,CEBOLA - DIAGNOSE VISUAL - Folhas - Seca/Necrose foliar
http://intranetdoc.epagri.sc.gov.br/sedimob/img_estrutura/%5B16657%5D%7B157%7D%5B12408%5D%7B294%7Dqueima_das_pontas_2.jpg,CEBOLA - DIAGNOSE VISUAL - Folhas - Seca/Necrose foliar
http://intranetdoc.epagri.sc.gov.br/sedimob/img_estrutura/%5B16657%5D%7B441%7D%5B12701%5D%7B40%7Dfigura_14.jpg,CEBOLA - DIAGNOSE VISUAL - Folhas - Seca/Necrose foliar
http://intranetdoc.epagri.sc.gov.br/sedimob/img_estrutura/%5B16657%5D%7B15%7D%5B12699%5D%7B276%7Dfigura_11.jpg,CEBOLA - DIAGNOSE VISUAL - Folhas - Seca/Necrose foliar
http://intranetdoc.epagri.sc.gov.br/sedimob/img_estrutura/%5B16657%5D%7B176%7D%5B12700%5D%7B310%7Dfigura_13.jpg,CEBOLA - DIAGNOSE VISUAL - Folhas - Seca/Necrose foliar
http://intranetdoc.epagri.sc.gov.br/sedimob/img_elemento/%5B12408%5D%7B299%7Dqueimas_das_pontas_principal_-_copia.jpg,CEBOLA - Manejo de doenças - Queima das pontas ou pinta branca (Botrytis squamosa)
https://intranetdoc.epagri.sc.gov.br/sedimob/arq_anexos/%5B12408%5D%7B538%7Dqueima_das_pontas_1.jpg,CEBOLA - Manejo de doenças - Queima das pontas ou pinta branca (Botrytis squamosa)
https://intranetdoc.epagri.sc.gov.br/sedimob/arq_anexos/%5B12408%5D%7B294%7Dqueima_das_pontas_2.jpg,CEBOLA - Manejo de doenças - Queima das pontas ou pinta branca (Botrytis squamosa)
https://intranetdoc.epagri.sc.gov.br/sedimob/arq_anexos/%5B12408%5D%7B417%7Dqueimas_das_pontas_principal.jpg,CEBOLA - Manejo de doenças - Queima das pontas ou pinta branca (Botrytis squamosa)
http://intranetdoc.epagri.sc.gov.br/sedimob/img_elemento/%5B12408%5D%7B299%7Dqueimas_das_pontas_principal_-_copia.jpg,CEBOLA - Manejo de doenças - Queima das pontas ou pinta branca (Botrytis squamosa)
https://intranetdoc.epagri.sc.gov.br/sedimob/arq_anexos/%5B12408%5D%7B538%7Dqueima_das_pontas_1.jpg,CEBOLA - Manejo de doenças - Queima das pontas ou pinta branca (Botrytis squamosa)
https://intranetdoc.epagri.sc.gov.br/sedimob/arq_anexos/%5B12408%5D%7B294%7Dqueima_das_pontas_2.jpg,CEBOLA - Manejo de doenças - Queima das pontas ou pinta branca (Botrytis squamosa)
https://intranetdoc.epagri.sc.gov.br/sedimob/arq_anexos/%5B12408%5D%7B417%7Dqueimas_das_pontas_principal.jpg,CEBOLA - Manejo de doenças - Queima das pontas ou pinta branca (Botrytis squamosa)
http://intranetdoc.epagri.sc.gov.br/sedimob/img_elemento/%5B12701%5D%7B40%7Dfigura_14.jpg,"CEBOLA - Manejo do solo, correção, adubação e recomendações - Manejo dos nutrientes e recomendação de adubação - Cálcio (Ca)"
https://intranetdoc.epagri.sc.gov.br/sedimob/arq_anexos/%5B12701%5D%7B369%7Dfigura_14.jpg,"CEBOLA - Manejo do solo, correção, adubação e recomendações - Manejo dos nutrientes e recomendação de adubação - Cálcio (Ca)"
http://intranetdoc.epagri.sc.gov.br/sedimob/img_elemento/%5B12699%5D%7B299%7Dfigura_11.jpg,"CEBOLA - Manejo do solo, correção, adubação e recomendações - Manejo dos nutrientes e recomendação de adubação - Fósforo (P)"
https://intranetdoc.epagri.sc.gov.br/sedimob/arq_anexos/%5B12699%5D%7B276%7Dfigura_11.jpg,"CEBOLA - Manejo do solo, correção, adubação e recomendações - Manejo dos nutrientes e recomendação de adubação - Fósforo (P)"
https://intranetdoc.epagri.sc.gov.br/sedimob/arq_anexos/%5B12699%5D%7B534%7Dtabela_4.jpg,"CEBOLA - Manejo do solo, correção, adubação e recomendações - Manejo dos nutrientes e recomendação de adubação - Fósforo (P)"
https://intranetdoc.epagri.sc.gov.br/sedimob/arq_anexos/%5B12699%5D%7B455%7Dtabela_5.jpg,"CEBOLA - Manejo do solo, correção, adubação e recomendações - Manejo dos nutrientes e recomendação de adubação - Fósforo (P)"
https://intranetdoc.epagri.sc.gov.br/sedimob/arq_anexos/%5B12699%5D%7B310%7Dfigura_12.jpg,"CEBOLA - Manejo do solo, correção, adubação e recomendações - Manejo dos nutrientes e recomendação de adubação - Fósforo (P)"
http://intranetdoc.epagri.sc.gov.br/sedimob/img_elemento/%5B12700%5D%7B310%7Dfigura_13.jpg,"CEBOLA - Manejo do solo, correção, adubação e recomendações - Manejo dos nutrientes e recomendação de adubação - Potássio (K)"
https://intranetdoc.epagri.sc.gov.br/sedimob/arq_anexos/%5B12700%5D%7B253%7Dfigura_13.jpg,"CEBOLA - Manejo do solo, correção, adubação e recomendações - Manejo dos nutrientes e recomendação de adubação - Potássio (K)"
https://intranetdoc.epagri.sc.gov.br/sedimob/arq_anexos/%5B12700%5D%7B536%7Dtabela_6.jpg,"CEBOLA - Manejo do solo, correção, adubação e recomendações - Manejo dos nutrientes e recomendação de adubação - Potássio (K)"
https://intranetdoc.epagri.sc.gov.br/sedimob/arq_anexos/%5B12700%5D%7B88%7Dtabela_7.jpg,"CEBOLA - Manejo do solo, correção, adubação e recomendações - Manejo dos nutrientes e recomendação de adubação - Potássio (K)"
http://intranetdoc.epagri.sc.gov.br/sedimob/img_elemento/%5B11991%5D%7B501%7Dfigura_4_-_copia.jpg,CEBOLA - Manejo de pragas - Lagarta-Rosca (Agrotis ipsilon)
https://intranetdoc.epagri.sc.gov.br/sedimob/arq_anexos/%5B11991%5D%7B103%7Dfigura_4.jpg,CEBOLA - Manejo de pragas - Lagarta-Rosca (Agrotis ipsilon)
http://intranetdoc.epagri.sc.gov.br/sedimob/img_estrutura/%5B16643%5D%7B477%7D%5B12411%5D%7B372%7Dpodridao_bacteriana_principal.jpg,CEBOLA - DIAGNOSE VISUAL - Bulbos
http://intranetdoc.epagri.sc.gov.br/sedimob/img_estrutura/%5B16644%5D%7B98%7D%5B12411%5D%7B372%7Dpodridao_bacteriana_principal.jpg,CEBOLA - DIAGNOSE VISUAL - Bulbos
http://intranetdoc.epagri.sc.gov.br/sedimob/img_estrutura/%5B16644%5D%7B214%7D%5B12409%5D%7B474%7Dpodridao_branca_principal.jpg,CEBOLA - DIAGNOSE VISUAL - Bulbos
http://intranetdoc.epagri.sc.gov.br/sedimob/img_elemento/%5B12411%5D%7B33%7Dpodridao_bacteriana_principal.jpg,CEBOLA - Manejo de doenças - Bacterioses
https://intranetdoc.epagri.sc.gov.br/sedimob/arq_anexos/%5B12411%5D%7B372%7Dpodridao_bacteriana_principal.jpg,CEBOLA - Manejo de doenças - Bacterioses
https://intranetdoc.epagri.sc.gov.br/sedimob/arq_anexos/%5B12411%5D%7B106%7Dpodridao_bacteriana_2.jpg,CEBOLA - Manejo de doenças - Bacterioses
https://intranetdoc.epagri.sc.gov.br/sedimob/arq_anexos/%5B12411%5D%7B330%7Dpodridao_bacteriana_1.jpg,CEBOLA - Manejo de doenças - Bacterioses
https://intranetdoc.epagri.sc.gov.br/sedimob/arq_anexos/%5B12411%5D%7B267%7Dimg-9338_%281%29.jpg,CEBOLA - Manejo de doenças - Bacterioses
https://intranetdoc.epagri.sc.gov.br/sedimob/arq_anexos/%5B12411%5D%7B209%7Dimg-9340_%281%29.jpg,CEBOLA - Manejo de doenças - Bacterioses
http://intranetdoc.epagri.sc.gov.br/sedimob/img_estrutura/%5B16644%5D%7B214%7D%5B12409%5D%7B474%7Dpodridao_branca_principal.jpg,CEBOLA - DIAGNOSE VISUAL - Bulbos - Podridões
http://intranetdoc.epagri.sc.gov.br/sedimob/img_estrutura/%5B16652%5D%7B198%7D%5B12409%5D%7B474%7Dpodridao_branca_principal.jpg,CEBOLA - DIAGNOSE VISUAL - Bulbos - Podridões
http://intranetdoc.epagri.sc.gov.br/sedimob/img_estrutura/%5B16652%5D%7B488%7D%5B12409%5D%7B106%7Dpodridao_branca_1.jpg,CEBOLA - DIAGNOSE VISUAL - Bulbos - Podridões
http://intranetdoc.epagri.sc.gov.br/sedimob/img_elemento/%5B12409%5D%7B474%7Dpodridao_branca_principal.jpg,CEBOLA - Manejo de doenças - Podridão branca (Stromatinia cepivora)
https://intranetdoc.epagri.sc.gov.br/sedimob/arq_anexos/%5B12409%5D%7B5%7Dpodridao_branca_principal.jpg,CEBOLA - Manejo de doenças - Podridão branca (Stromatinia cepivora)
https://intranetdoc.epagri.sc.gov.br/sedimob/arq_anexos/%5B12409%5D%7B167%7Dpodridao_branca_2.jpg,CEBOLA - Manejo de doenças - Podridão branca (Stromatinia cepivora)
https://intranetdoc.epagri.sc.gov.br/sedimob/arq_anexos/%5B12409%5D%7B106%7Dpodridao_branca_1.jpg,CEBOLA - Manejo de doenças - Podridão branca (Stromatinia cepivora)
http://intranetdoc.epagri.sc.gov.br/sedimob/img_elemento/%5B12409%5D%7B474%7Dpodridao_branca_principal.jpg,CEBOLA - Manejo de doenças - Podridão branca (Stromatinia cepivora)
https://intranetdoc.epagri.sc.gov.br/sedimob/arq_anexos/%5B12409%5D%7B5%7Dpodridao_branca_principal.jpg,CEBOLA - Manejo de doenças - Podridão branca (Stromatinia cepivora)
https://intranetdoc.epagri.sc.gov.br/sedimob/arq_anexos/%5B12409%5D%7B167%7Dpodridao_branca_2.jpg,CEBOLA - Manejo de doenças - Podridão branca (Stromatinia cepivora)
https://intranetdoc.epagri.sc.gov.br/sedimob/arq_anexos/%5B12409%5D%7B106%7Dpodridao_branca_1.jpg,CEBOLA - Manejo de doenças - Podridão branca (Stromatinia cepivora)
http://intranetdoc.epagri.sc.gov.br/sedimob/img_estrutura/%5B16643%5D%7B225%7D%5B7390%5D%7B162%7Dscreenshot_20200330-145257_adama_hf.jpg,CEBOLA - DIAGNOSE VISUAL - Raízes
http://intranetdoc.epagri.sc.gov.br/sedimob/img_estrutura/%5B16660%5D%7B103%7D%5B7394%5D%7B279%7Dscreenshot_20200330-145456_adama_hf.jpg,CEBOLA - DIAGNOSE VISUAL - Raízes
http://intranetdoc.epagri.sc.gov.br/sedimob/img_estrutura/%5B16660%5D%7B419%7D%5B7390%5D%7B162%7Dscreenshot_20200330-145257_adama_hf.jpg,CEBOLA - DIAGNOSE VISUAL - Raízes
http://intranetdoc.epagri.sc.gov.br/sedimob/img_estrutura/%5B16660%5D%7B103%7D%5B7394%5D%7B279%7Dscreenshot_20200330-145456_adama_hf.jpg,CEBOLA - DIAGNOSE VISUAL - Raízes - Deformações e nódulos
http://intranetdoc.epagri.sc.gov.br/sedimob/img_estrutura/%5B16667%5D%7B327%7D%5B7394%5D%7B279%7Dscreenshot_20200330-145456_adama_hf.jpg,CEBOLA - DIAGNOSE VISUAL - Raízes - Deformações e nódulos
http://intranetdoc.epagri.sc.gov.br/sedimob/img_elemento/%5B7390%5D%7B304%7Dscreenshot_20200330-145259_adama_hf.jpg,CEBOLA - Manejo de doenças - Raiz Rosada (Pyrenochaeta terrestres)
https://intranetdoc.epagri.sc.gov.br/sedimob/arq_anexos/%5B7390%5D%7B162%7Dscreenshot_20200330-145257_adama_hf.jpg,CEBOLA - Manejo de doenças - Raiz Rosada (Pyrenochaeta terrestres)
https://intranetdoc.epagri.sc.gov.br/sedimob/arq_anexos/%5B7390%5D%7B531%7Dscreenshot_20200330-145301_adama_hf.jpg,CEBOLA - Manejo de doenças - Raiz Rosada (Pyrenochaeta terrestres)
https://intranetdoc.epagri.sc.gov.br/sedimob/arq_anexos/%5B7390%5D%7B392%7Dscreenshot_20200330-145259_adama_hf.jpg,CEBOLA - Manejo de doenças - Raiz Rosada (Pyrenochaeta terrestres)
