cognome,nome_original,url_original
img_1,aHR0cDovL2ludHJhbmV0ZG9jLmVwYWdyaS5zYy5nb3YuYnIvc2VkaW1vYi9pbWdfZWxlbWVudG8vJTVCMTg0MDAlNUQlN0I0NTklN0RmaWd1cmFfOWJfZXN0cmlhc19uZWNyb3RpY2FzLmpwZw==.jpg,http://intranetdoc.epagri.sc.gov.br/sedimob/img_elemento/%5B18400%5D%7B459%7Dfigura_9b_estrias_necroticas.jpg
img_2,aHR0cDovL2ludHJhbmV0ZG9jLmVwYWdyaS5zYy5nb3YuYnIvc2VkaW1vYi9pbWdfZWxlbWVudG8vJTVCMTg0MDclNUQlN0IzMTYlN0Rwb2RyaWRhb19jb3JvYV8xLnBuZw==.png,http://intranetdoc.epagri.sc.gov.br/sedimob/img_elemento/%5B18407%5D%7B316%7Dpodridao_coroa_1.png
img_3,aHR0cDovL2ludHJhbmV0ZG9jLmVwYWdyaS5zYy5nb3YuYnIvc2VkaW1vYi9pbWdfZWxlbWVudG8vJTVCMTg0MDElNUQlN0I0ODElN0RuZW1hdG9pZGVfY2F2ZXJuaWNvbGEucG5n.png,http://intranetdoc.epagri.sc.gov.br/sedimob/img_elemento/%5B18401%5D%7B481%7Dnematoide_cavernicola.png
img_4,aHR0cDovL2ludHJhbmV0ZG9jLmVwYWdyaS5zYy5nb3YuYnIvc2VkaW1vYi9pbWdfZWxlbWVudG8vJTVCMTg0MDIlNUQlN0IxOTElN0RuZW1hdG9pZGVfZXNwaXJhbGFkb18xLmpwZw==.jpg,http://intranetdoc.epagri.sc.gov.br/sedimob/img_elemento/%5B18402%5D%7B191%7Dnematoide_espiralado_1.jpg
img_5,aHR0cDovL2ludHJhbmV0ZG9jLmVwYWdyaS5zYy5nb3YuYnIvc2VkaW1vYi9pbWdfZWxlbWVudG8vJTVCMTg0MDMlNUQlN0I4MiU3RHppbHRvbl8yLnBuZw==.png,http://intranetdoc.epagri.sc.gov.br/sedimob/img_elemento/%5B18403%5D%7B82%7Dzilton_2.png
img_6,aHR0cDovL2ludHJhbmV0ZG9jLmVwYWdyaS5zYy5nb3YuYnIvc2VkaW1vYi9pbWdfZWxlbWVudG8vJTVCMTg0MDQlNUQlN0IzMiU3RG5lbWF0b2lkZV9kYXNfZ2FsaGFzX2Rhc19yYWl6ZXMucG5n.png,http://intranetdoc.epagri.sc.gov.br/sedimob/img_elemento/%5B18404%5D%7B32%7Dnematoide_das_galhas_das_raizes.png
img_7,aHR0cDovL2ludHJhbmV0ZG9jLmVwYWdyaS5zYy5nb3YuYnIvc2VkaW1vYi9pbWdfZWxlbWVudG8vJTVCMTg0MDUlNUQlN0I1NSU3RHRvbWJhbWVudG8ucG5n.png,http://intranetdoc.epagri.sc.gov.br/sedimob/img_elemento/%5B18405%5D%7B55%7Dtombamento.png
img_8,aHR0cDovL2ludHJhbmV0ZG9jLmVwYWdyaS5zYy5nb3YuYnIvc2VkaW1vYi9pbWdfZWxlbWVudG8vJTVCMTg0MDYlNUQlN0IxNDUlN0RhbnRyYWNub3NlXzEuanBn.jpg,http://intranetdoc.epagri.sc.gov.br/sedimob/img_elemento/%5B18406%5D%7B145%7Dantracnose_1.jpg
img_9,aHR0cDovL2ludHJhbmV0ZG9jLmVwYWdyaS5zYy5nb3YuYnIvc2VkaW1vYi9pbWdfZWxlbWVudG8vJTVCMTg0MTAlNUQlN0I0MTklN0Rtb2tvX3BsYW50YV9hdGFjYWRhLmpwZw==.jpg,http://intranetdoc.epagri.sc.gov.br/sedimob/img_elemento/%5B18410%5D%7B419%7Dmoko_planta_atacada.jpg
img_10,aHR0cDovL2ludHJhbmV0ZG9jLmVwYWdyaS5zYy5nb3YuYnIvc2VkaW1vYi9pbWdfZWxlbWVudG8vJTVCMTg0MTclNUQlN0IxMjYlN0RiYW5hbmFsX3ZhbGZyaWRvLmpwZw==.jpg,http://intranetdoc.epagri.sc.gov.br/sedimob/img_elemento/%5B18417%5D%7B126%7Dbananal_valfrido.jpg
img_11,aHR0cDovL2ludHJhbmV0ZG9jLmVwYWdyaS5zYy5nb3YuYnIvc2VkaW1vYi9pbWdfZWxlbWVudG8vJTVCMTg0MTglNUQlN0IzODglN0QyMDIyMDMzMF8wODQ1MzguanBn.jpg,http://intranetdoc.epagri.sc.gov.br/sedimob/img_elemento/%5B18418%5D%7B388%7D20220330_084538.jpg
img_12,aHR0cDovL2ludHJhbmV0ZG9jLmVwYWdyaS5zYy5nb3YuYnIvc2VkaW1vYi9pbWdfZWxlbWVudG8vJTVCMTg0MTklNUQlN0I0MTMlN0RmaWd1cmFfNV9hX2NhcF82LmpwZw==.jpg,http://intranetdoc.epagri.sc.gov.br/sedimob/img_elemento/%5B18419%5D%7B413%7Dfigura_5_a_cap_6.jpg
img_13,aHR0cDovL2ludHJhbmV0ZG9jLmVwYWdyaS5zYy5nb3YuYnIvc2VkaW1vYi9pbWdfZWxlbWVudG8vJTVCMTg0MTMlNUQlN0I1NDglN0Rzb2xvX2NvbXAuXzkuanBn.jpg,http://intranetdoc.epagri.sc.gov.br/sedimob/img_elemento/%5B18413%5D%7B548%7Dsolo_comp._9.jpg
img_14,aHR0cDovL2ludHJhbmV0ZG9jLmVwYWdyaS5zYy5nb3YuYnIvc2VkaW1vYi9pbWdfZWxlbWVudG8vJTVCMTg0MTUlNUQlN0I3MiU3RDIwMjIwMzMwXzA4NDUyNC5qcGc=.jpg,http://intranetdoc.epagri.sc.gov.br/sedimob/img_elemento/%5B18415%5D%7B72%7D20220330_084524.jpg
img_15,aHR0cDovL2ludHJhbmV0ZG9jLmVwYWdyaS5zYy5nb3YuYnIvc2VkaW1vYi9pbWdfZWxlbWVudG8vJTVCMTg0MTYlNUQlN0I0MTklN0Rkc2NfMDkwMS5qcGc=.jpg,http://intranetdoc.epagri.sc.gov.br/sedimob/img_elemento/%5B18416%5D%7B419%7Ddsc_0901.jpg
img_16,aHR0cDovL2ludHJhbmV0ZG9jLmVwYWdyaS5zYy5nb3YuYnIvc2VkaW1vYi9pbWdfZWxlbWVudG8vJTVCMTgzNjclNUQlN0IzOTYlN0RjYXBfM18tX2ZpZ181Xy1fbGV0cmFfal8tX2J1cXVlX21hZHVyb19icnNfdHJvcGljYWxfLV9hdXRvcmlhX2VsaXNldV9lbWFub2VsX2Rvc19zYW50b3MuanBn.jpg,http://intranetdoc.epagri.sc.gov.br/sedimob/img_elemento/%5B18367%5D%7B396%7Dcap_3_-_fig_5_-_letra_j_-_buque_maduro_brs_tropical_-_autoria_eliseu_emanoel_dos_santos.jpg
img_17,aHR0cDovL2ludHJhbmV0ZG9jLmVwYWdyaS5zYy5nb3YuYnIvc2VkaW1vYi9pbWdfZWxlbWVudG8vJTVCMTgzNjElNUQlN0I0MTclN0RjYXBfM18tX2ZpZ18zXy1fbGV0cmFfZl8tX2J1cXVlX21hZHVyb190ZXJyYV8tX2F1dG9yaWFfZWxpc2V1X2VtYW5vZWxfZG9zX3NhbnRvcy5qcGc=.jpg,http://intranetdoc.epagri.sc.gov.br/sedimob/img_elemento/%5B18361%5D%7B417%7Dcap_3_-_fig_3_-_letra_f_-_buque_maduro_terra_-_autoria_eliseu_emanoel_dos_santos.jpg
img_18,aHR0cDovL2ludHJhbmV0ZG9jLmVwYWdyaS5zYy5nb3YuYnIvc2VkaW1vYi9pbWdfZWxlbWVudG8vJTVCMTgzNjglNUQlN0I3NiU3RGNhcF8zXy1fZmlnXzVfLV9sZXRyYV9oXy1fYnVxdWVfbWFkdXJvX2ZoaWEwMV8tX2F1dG9yaWFfZWxpc2V1X2VtYW5vZWxfZG9zX3NhbnRvcy5qcGc=.jpg,http://intranetdoc.epagri.sc.gov.br/sedimob/img_elemento/%5B18368%5D%7B76%7Dcap_3_-_fig_5_-_letra_h_-_buque_maduro_fhia01_-_autoria_eliseu_emanoel_dos_santos.jpg
img_19,aHR0cDovL2ludHJhbmV0ZG9jLmVwYWdyaS5zYy5nb3YuYnIvc2VkaW1vYi9pbWdfZWxlbWVudG8vJTVCMTgzNjIlNUQlN0IyNjUlN0RjYXBfM18tX2ZpZ181Xy1fbGV0cmFfZl8tX2J1cXVlX21hZHVyb19wbGF0aW5hXy1fYXV0b3JpYV9lbGlzZXVfZW1hbm9lbF9kb3Nfc2FudG9zLmpwZw==.jpg,http://intranetdoc.epagri.sc.gov.br/sedimob/img_elemento/%5B18362%5D%7B265%7Dcap_3_-_fig_5_-_letra_f_-_buque_maduro_platina_-_autoria_eliseu_emanoel_dos_santos.jpg
img_20,aHR0cDovL2ludHJhbmV0ZG9jLmVwYWdyaS5zYy5nb3YuYnIvc2VkaW1vYi9pbWdfZWxlbWVudG8vJTVCMTgzNjklNUQlN0I0MCU3RGNhcF8zXy1fZmlnXzRfLV9sZXRyYV9nXy1fYnVxdWVfbWFkdXJvX3RoYXBfbWFlb18tX2F1dG9yaWFfZWxpc2V1X2VtYW5vZWxfZG9zX3NhbnRvcy5qcGc=.jpg,http://intranetdoc.epagri.sc.gov.br/sedimob/img_elemento/%5B18369%5D%7B40%7Dcap_3_-_fig_4_-_letra_g_-_buque_maduro_thap_maeo_-_autoria_eliseu_emanoel_dos_santos.jpg
img_21,aHR0cDovL2ludHJhbmV0ZG9jLmVwYWdyaS5zYy5nb3YuYnIvc2VkaW1vYi9pbWdfZWxlbWVudG8vJTVCMTgzNjQlNUQlN0IzMzUlN0RiZWxsdW5hLmpwZw==.jpg,http://intranetdoc.epagri.sc.gov.br/sedimob/img_elemento/%5B18364%5D%7B335%7Dbelluna.jpg
img_22,aHR0cDovL2ludHJhbmV0ZG9jLmVwYWdyaS5zYy5nb3YuYnIvc2VkaW1vYi9pbWdfZWxlbWVudG8vJTVCMTgzNjUlNUQlN0IyNzQlN0R3aWxsaWFucy5qZmlm.jfif,http://intranetdoc.epagri.sc.gov.br/sedimob/img_elemento/%5B18365%5D%7B274%7Dwillians.jfif
img_23,aHR0cDovL2ludHJhbmV0ZG9jLmVwYWdyaS5zYy5nb3YuYnIvc2VkaW1vYi9pbWdfZWxlbWVudG8vJTVCMTgzNjYlNUQlN0IzMTQlN0RwcmluY2VzYS5qZmlm.jfif,http://intranetdoc.epagri.sc.gov.br/sedimob/img_elemento/%5B18366%5D%7B314%7Dprincesa.jfif
img_24,aHR0cDovL2ludHJhbmV0ZG9jLmVwYWdyaS5zYy5nb3YuYnIvc2VkaW1vYi9pbWdfZWxlbWVudG8vJTVCMTgzNTclNUQlN0IyMzklN0RuYW5pY2FvLmpmaWY=.jfif,http://intranetdoc.epagri.sc.gov.br/sedimob/img_elemento/%5B18357%5D%7B239%7Dnanicao.jfif
img_25,aHR0cDovL2ludHJhbmV0ZG9jLmVwYWdyaS5zYy5nb3YuYnIvc2VkaW1vYi9pbWdfZWxlbWVudG8vJTVCMTgzNTElNUQlN0IzMzElN0RjYXBfM18tX2ZpZ18xXy1fbGV0cmFfZ18tX2J1cXVlc19tYWR1cm9fY2F0YXJpbmFfLV9hdXRvcmlhX2VsaXNldV9lbWFub2VsX2Rvc19zYW50b3MuanBn.jpg,http://intranetdoc.epagri.sc.gov.br/sedimob/img_elemento/%5B18351%5D%7B331%7Dcap_3_-_fig_1_-_letra_g_-_buques_maduro_catarina_-_autoria_eliseu_emanoel_dos_santos.jpg
img_26,aHR0cDovL2ludHJhbmV0ZG9jLmVwYWdyaS5zYy5nb3YuYnIvc2VkaW1vYi9pbWdfZWxlbWVudG8vJTVCMTgzNTglNUQlN0IzOTQlN0RjYXBfM18tX2ZpZ18yXy1fbGV0cmFfZV8tX2J1cXVlc19tYWR1cm9fZGVfY29ydXBhXy1fYXV0b3JpYV9lbGlzZXVfZW1hbm9lbF9kb3Nfc2FudG9zLmpwZw==.jpg,http://intranetdoc.epagri.sc.gov.br/sedimob/img_elemento/%5B18358%5D%7B394%7Dcap_3_-_fig_2_-_letra_e_-_buques_maduro_de_corupa_-_autoria_eliseu_emanoel_dos_santos.jpg
img_27,aHR0cDovL2ludHJhbmV0ZG9jLmVwYWdyaS5zYy5nb3YuYnIvc2VkaW1vYi9pbWdfZWxlbWVudG8vJTVCMTgzNTIlNUQlN0I1NDklN0RjYXBfM18tX2ZpZ18xXy1fbGV0cmFfZl8tX2J1cXVlX21hZHVyb19wcmF0YV9hbmFfLV9hdXRvcmlhX2VsaXNldV9lbWFub2VsX2Rvc19zYW50b3MuanBn.jpg,http://intranetdoc.epagri.sc.gov.br/sedimob/img_elemento/%5B18352%5D%7B549%7Dcap_3_-_fig_1_-_letra_f_-_buque_maduro_prata_ana_-_autoria_eliseu_emanoel_dos_santos.jpg
img_28,aHR0cDovL2ludHJhbmV0ZG9jLmVwYWdyaS5zYy5nb3YuYnIvc2VkaW1vYi9pbWdfZWxlbWVudG8vJTVCMTgzNTklNUQlN0I0MiU3RGNhcF8zXy1fZmlnXzNfLV9sZXRyYV9lXy1fYnVxdWVfbWFkdXJvX2ZpZ29fY2luemFfLV9hdXRvcmlhX2VsaXNldV9lbWFub2VsX2Rvc19zYW50b3MuanBn.jpg,http://intranetdoc.epagri.sc.gov.br/sedimob/img_elemento/%5B18359%5D%7B42%7Dcap_3_-_fig_3_-_letra_e_-_buque_maduro_figo_cinza_-_autoria_eliseu_emanoel_dos_santos.jpg
img_29,aHR0cDovL2ludHJhbmV0ZG9jLmVwYWdyaS5zYy5nb3YuYnIvc2VkaW1vYi9pbWdfZWxlbWVudG8vJTVCMTgzNTMlNUQlN0IxMTYlN0RjYXBfM18tX2ZpZ18xXy1fbGV0cmFfaF8tX2J1cXVlc19tYWR1cm9fY2Fydm9laXJhXy1fYXV0b3JpYV9lbGlzZXVfZW1hbm9lbF9kb3Nfc2FudG9zLmpwZw==.jpg,http://intranetdoc.epagri.sc.gov.br/sedimob/img_elemento/%5B18353%5D%7B116%7Dcap_3_-_fig_1_-_letra_h_-_buques_maduro_carvoeira_-_autoria_eliseu_emanoel_dos_santos.jpg
img_30,aHR0cDovL2ludHJhbmV0ZG9jLmVwYWdyaS5zYy5nb3YuYnIvc2VkaW1vYi9pbWdfZWxlbWVudG8vJTVCMTgzNTQlNUQlN0IxMDclN0RjYXBfM18tX2ZpZ18xXy1fbGV0cmFfaV8tX2J1cXVlc19tYWR1cm9fbm9uaW5oYV8tX2F1dG9yaWFfZWxpc2V1X2VtYW5vZWxfZG9zX3NhbnRvcy5qcGc=.jpg,http://intranetdoc.epagri.sc.gov.br/sedimob/img_elemento/%5B18354%5D%7B107%7Dcap_3_-_fig_1_-_letra_i_-_buques_maduro_noninha_-_autoria_eliseu_emanoel_dos_santos.jpg
img_31,aHR0cDovL2ludHJhbmV0ZG9jLmVwYWdyaS5zYy5nb3YuYnIvc2VkaW1vYi9pbWdfZWxlbWVudG8vJTVCMTgzNTUlNUQlN0I5NSU3RGJyYW5jYS5wbmc=.png,http://intranetdoc.epagri.sc.gov.br/sedimob/img_elemento/%5B18355%5D%7B95%7Dbranca.png
img_32,aHR0cDovL2ludHJhbmV0ZG9jLmVwYWdyaS5zYy5nb3YuYnIvc2VkaW1vYi9pbWdfZWxlbWVudG8vJTVCMTgzNTYlNUQlN0IzNTIlN0RjYXBfM18tX2ZpZ18yXy1fbGV0cmFfZF8tX2J1cXVlc19tYWR1cm9fZGVfZ3JhbmRlX25haW5lXy1fYXV0b3JpYV9lbGlzZXVfZW1hbm9lbF9kb3Nfc2FudG9zLmpwZw==.jpg,http://intranetdoc.epagri.sc.gov.br/sedimob/img_elemento/%5B18356%5D%7B352%7Dcap_3_-_fig_2_-_letra_d_-_buques_maduro_de_grande_naine_-_autoria_eliseu_emanoel_dos_santos.jpg
img_33,aHR0cDovL2ludHJhbmV0ZG9jLmVwYWdyaS5zYy5nb3YuYnIvc2VkaW1vYi9pbWdfZWxlbWVudG8vJTVCMTgzNzAlNUQlN0IxMjMlN0RjYXBfM18tX2ZpZ180Xy1fbGV0cmFfZV8tX2J1cXVlX21hZHVyb19vdXJvXy1fYXV0b3JpYV9lbGlzZXVfZW1hbm9lbF9kb3Nfc2FudG9zLmpwZw==.jpg,http://intranetdoc.epagri.sc.gov.br/sedimob/img_elemento/%5B18370%5D%7B123%7Dcap_3_-_fig_4_-_letra_e_-_buque_maduro_ouro_-_autoria_eliseu_emanoel_dos_santos.jpg
img_34,aHR0cDovL2ludHJhbmV0ZG9jLmVwYWdyaS5zYy5nb3YuYnIvc2VkaW1vYi9pbWdfZWxlbWVudG8vJTVCMTgzNzclNUQlN0IxNDklN0Rwb2RhX2RlX3BlbmNhXzEuanBn.jpg,http://intranetdoc.epagri.sc.gov.br/sedimob/img_elemento/%5B18377%5D%7B149%7Dpoda_de_penca_1.jpg
img_35,aHR0cDovL2ludHJhbmV0ZG9jLmVwYWdyaS5zYy5nb3YuYnIvc2VkaW1vYi9pbWdfZWxlbWVudG8vJTVCMTgzNzglNUQlN0I1NDMlN0RlbnNhY2FtZW50by5qcGc=.jpg,http://intranetdoc.epagri.sc.gov.br/sedimob/img_elemento/%5B18378%5D%7B543%7Densacamento.jpg
img_36,aHR0cDovL2ludHJhbmV0ZG9jLmVwYWdyaS5zYy5nb3YuYnIvc2VkaW1vYi9pbWdfZWxlbWVudG8vJTVCMTgzNzklNUQlN0IzODglN0RkZXN2aW9fZGVfcGVyZmlsaG9zLmpwZw==.jpg,http://intranetdoc.epagri.sc.gov.br/sedimob/img_elemento/%5B18379%5D%7B388%7Ddesvio_de_perfilhos.jpg
img_37,aHR0cDovL2ludHJhbmV0ZG9jLmVwYWdyaS5zYy5nb3YuYnIvc2VkaW1vYi9pbWdfZWxlbWVudG8vJTVCMTgzNzMlNUQlN0IyMTUlN0RwZXJmaWxob3NfMS5wbmc=.png,http://intranetdoc.epagri.sc.gov.br/sedimob/img_elemento/%5B18373%5D%7B215%7Dperfilhos_1.png
img_38,aHR0cDovL2ludHJhbmV0ZG9jLmVwYWdyaS5zYy5nb3YuYnIvc2VkaW1vYi9pbWdfZWxlbWVudG8vJTVCMTgzNzQlNUQlN0IyNTUlN0QyMDE0LTAyLTE0XzEwLjIyLjEyLmpwZw==.jpg,http://intranetdoc.epagri.sc.gov.br/sedimob/img_elemento/%5B18374%5D%7B255%7D2014-02-14_10.22.12.jpg
img_39,aHR0cDovL2ludHJhbmV0ZG9jLmVwYWdyaS5zYy5nb3YuYnIvc2VkaW1vYi9pbWdfZWxlbWVudG8vJTVCMTgzNzUlNUQlN0IxNzElN0Rlc2NvcmFtZW50by5wbmc=.png,http://intranetdoc.epagri.sc.gov.br/sedimob/img_elemento/%5B18375%5D%7B171%7Descoramento.png
img_40,aHR0cDovL2ludHJhbmV0ZG9jLmVwYWdyaS5zYy5nb3YuYnIvc2VkaW1vYi9pbWdfZWxlbWVudG8vJTVCMTgzNzYlNUQlN0I1OCU3RHBvZGFfY29yYWNhby5qcGc=.jpg,http://intranetdoc.epagri.sc.gov.br/sedimob/img_elemento/%5B18376%5D%7B58%7Dpoda_coracao.jpg
img_41,aHR0cDovL2ludHJhbmV0ZG9jLmVwYWdyaS5zYy5nb3YuYnIvc2VkaW1vYi9pbWdfZWxlbWVudG8vJTVCMTgzODAlNUQlN0IxODAlN0Rwc2V1ZG9jYXVsZV8xLnBuZw==.png,http://intranetdoc.epagri.sc.gov.br/sedimob/img_elemento/%5B18380%5D%7B180%7Dpseudocaule_1.png
img_42,aHR0cDovL2ludHJhbmV0ZG9jLmVwYWdyaS5zYy5nb3YuYnIvc2VkaW1vYi9pbWdfZWxlbWVudG8vJTVCMTgzODclNUQlN0I0OTAlN0Ricm9jYS5qcGc=.jpg,http://intranetdoc.epagri.sc.gov.br/sedimob/img_elemento/%5B18387%5D%7B490%7Dbroca.jpg
img_43,aHR0cDovL2ludHJhbmV0ZG9jLmVwYWdyaS5zYy5nb3YuYnIvc2VkaW1vYi9pbWdfZWxlbWVudG8vJTVCMTgzODElNUQlN0IxMzIlN0RwbGFudGFzX2ludmFyb3Jhc18xLmpwZw==.jpg,http://intranetdoc.epagri.sc.gov.br/sedimob/img_elemento/%5B18381%5D%7B132%7Dplantas_invaroras_1.jpg
img_44,aHR0cDovL2ludHJhbmV0ZG9jLmVwYWdyaS5zYy5nb3YuYnIvc2VkaW1vYi9pbWdfZWxlbWVudG8vJTVCMTgzODglNUQlN0IyODQlN0Ricm9jYV9yYWphZGEuanBn.jpg,http://intranetdoc.epagri.sc.gov.br/sedimob/img_elemento/%5B18388%5D%7B284%7Dbroca_rajada.jpg
img_45,aHR0cDovL2ludHJhbmV0ZG9jLmVwYWdyaS5zYy5nb3YuYnIvc2VkaW1vYi9pbWdfZWxlbWVudG8vJTVCMTgzODIlNUQlN0I1MTQlN0RmaWd1cmFfMTNfLV9iLmpwZw==.jpg,http://intranetdoc.epagri.sc.gov.br/sedimob/img_elemento/%5B18382%5D%7B514%7Dfigura_13_-_b.jpg
img_46,aHR0cDovL2ludHJhbmV0ZG9jLmVwYWdyaS5zYy5nb3YuYnIvc2VkaW1vYi9pbWdfZWxlbWVudG8vJTVCMTgzODklNUQlN0IxNjUlN0R0cmlwZXNfbGwuanBn.jpg,http://intranetdoc.epagri.sc.gov.br/sedimob/img_elemento/%5B18389%5D%7B165%7Dtripes_ll.jpg
img_47,aHR0cDovL2ludHJhbmV0ZG9jLmVwYWdyaS5zYy5nb3YuYnIvc2VkaW1vYi9pbWdfZWxlbWVudG8vJTVCMTgzODMlNUQlN0I0MTklN0RmaWd1cmFfMTNfLV9hLmpwZw==.jpg,http://intranetdoc.epagri.sc.gov.br/sedimob/img_elemento/%5B18383%5D%7B419%7Dfigura_13_-_a.jpg
img_48,aHR0cDovL2ludHJhbmV0ZG9jLmVwYWdyaS5zYy5nb3YuYnIvc2VkaW1vYi9pbWdfZWxlbWVudG8vJTVCMTgzODQlNUQlN0I0MDIlN0RpbWdfNzI0OC5qcGc=.jpg,http://intranetdoc.epagri.sc.gov.br/sedimob/img_elemento/%5B18384%5D%7B402%7Dimg_7248.jpg
img_49,aHR0cDovL2ludHJhbmV0ZG9jLmVwYWdyaS5zYy5nb3YuYnIvc2VkaW1vYi9pbWdfZWxlbWVudG8vJTVCMTgzODUlNUQlN0IzMDElN0RjYW1hcmFfMDIuanBn.jpg,http://intranetdoc.epagri.sc.gov.br/sedimob/img_elemento/%5B18385%5D%7B301%7Dcamara_02.jpg
img_50,aHR0cDovL2ludHJhbmV0ZG9jLmVwYWdyaS5zYy5nb3YuYnIvc2VkaW1vYi9pbWdfZWxlbWVudG8vJTVCMTgzODYlNUQlN0I0NDMlN0RjZXBhXzYuanBn.jpg,http://intranetdoc.epagri.sc.gov.br/sedimob/img_elemento/%5B18386%5D%7B443%7Dcepa_6.jpg
img_51,aHR0cDovL2ludHJhbmV0ZG9jLmVwYWdyaS5zYy5nb3YuYnIvc2VkaW1vYi9pbWdfZWxlbWVudG8vJTVCMTgzOTAlNUQlN0IyODIlN0R0cmlwZXNfZGFfZXJ1cGNhb18xLmpwZw==.jpg,http://intranetdoc.epagri.sc.gov.br/sedimob/img_elemento/%5B18390%5D%7B282%7Dtripes_da_erupcao_1.jpg
img_52,aHR0cDovL2ludHJhbmV0ZG9jLmVwYWdyaS5zYy5nb3YuYnIvc2VkaW1vYi9pbWdfZWxlbWVudG8vJTVCMTgzOTclNUQlN0IzNTUlN0Rjb3JkYW5hLnBuZw==.png,http://intranetdoc.epagri.sc.gov.br/sedimob/img_elemento/%5B18397%5D%7B355%7Dcordana.png
img_53,aHR0cDovL2ludHJhbmV0ZG9jLmVwYWdyaS5zYy5nb3YuYnIvc2VkaW1vYi9pbWdfZWxlbWVudG8vJTVCMTgzOTElNUQlN0I0OTQlN0RhY2Fyb18zLmpwZw==.jpg,http://intranetdoc.epagri.sc.gov.br/sedimob/img_elemento/%5B18391%5D%7B494%7Dacaro_3.jpg
img_54,aHR0cDovL2ludHJhbmV0ZG9jLmVwYWdyaS5zYy5nb3YuYnIvc2VkaW1vYi9pbWdfZWxlbWVudG8vJTVCMTgzOTglNUQlN0IzNjUlN0RwYW5hbWFfMS5wbmc=.png,http://intranetdoc.epagri.sc.gov.br/sedimob/img_elemento/%5B18398%5D%7B365%7Dpanama_1.png
img_55,aHR0cDovL2ludHJhbmV0ZG9jLmVwYWdyaS5zYy5nb3YuYnIvc2VkaW1vYi9pbWdfZWxlbWVudG8vJTVCMTgzOTIlNUQlN0IyNTYlN0R0cmFjYV9hZHVsdG9fMS5wbmc=.png,http://intranetdoc.epagri.sc.gov.br/sedimob/img_elemento/%5B18392%5D%7B256%7Dtraca_adulto_1.png
img_56,aHR0cDovL2ludHJhbmV0ZG9jLmVwYWdyaS5zYy5nb3YuYnIvc2VkaW1vYi9pbWdfZWxlbWVudG8vJTVCMTgzOTklNUQlN0IxNDElN0RmaWd1cmFfN2JfZm9saGFfY29tX2ZhaXhhc19hbWFyZWxhcy5qcGc=.jpg,http://intranetdoc.epagri.sc.gov.br/sedimob/img_elemento/%5B18399%5D%7B141%7Dfigura_7b_folha_com_faixas_amarelas.jpg
img_57,aHR0cDovL2ludHJhbmV0ZG9jLmVwYWdyaS5zYy5nb3YuYnIvc2VkaW1vYi9pbWdfZWxlbWVudG8vJTVCMTgzOTMlNUQlN0IyMDclN0Rtb2xlcXVlX2Z1bmdvLnBuZw==.png,http://intranetdoc.epagri.sc.gov.br/sedimob/img_elemento/%5B18393%5D%7B207%7Dmoleque_fungo.png
img_58,aHR0cDovL2ludHJhbmV0ZG9jLmVwYWdyaS5zYy5nb3YuYnIvc2VkaW1vYi9pbWdfZWxlbWVudG8vJTVCMTgzOTQlNUQlN0IyMzglN0RzaWdhdG9rYV9hbWFyZWxhLnBuZw==.png,http://intranetdoc.epagri.sc.gov.br/sedimob/img_elemento/%5B18394%5D%7B238%7Dsigatoka_amarela.png
img_59,aHR0cDovL2ludHJhbmV0ZG9jLmVwYWdyaS5zYy5nb3YuYnIvc2VkaW1vYi9pbWdfZWxlbWVudG8vJTVCMTgzOTUlNUQlN0I1MDclN0RzaWdhdG9rYV9uZWdyYS5qcGc=.jpg,http://intranetdoc.epagri.sc.gov.br/sedimob/img_elemento/%5B18395%5D%7B507%7Dsigatoka_negra.jpg
img_60,aHR0cDovL2ludHJhbmV0ZG9jLmVwYWdyaS5zYy5nb3YuYnIvc2VkaW1vYi9pbWdfZWxlbWVudG8vJTVCMTgzOTYlNUQlN0IzNjclN0RzaWdhdG9rYV8zLnBuZw==.png,http://intranetdoc.epagri.sc.gov.br/sedimob/img_elemento/%5B18396%5D%7B367%7Dsigatoka_3.png
img_61,aHR0cDovL2ludHJhbmV0ZG9jLmVwYWdyaS5zYy5nb3YuYnIvc2VkaW1vYi9pbWdfZWxlbWVudG8vJTVCMTI5ODUlNUQlN0I0NCU3RHJlY29tZW5kYWNhb19jdWx0aXZhcmVzLnBuZw==.png,http://intranetdoc.epagri.sc.gov.br/sedimob/img_elemento/%5B12985%5D%7B44%7Drecomendacao_cultivares.png
img_62,aHR0cHM6Ly9pbnRyYW5ldGRvYy5lcGFncmkuc2MuZ292LmJyL3NlZGltb2IvYXJxX2FuZXhvcy8lNUIxMjk4NSU1RCU3QjclN0R0YTEuZ2lm.gif,https://intranetdoc.epagri.sc.gov.br/sedimob/arq_anexos/%5B12985%5D%7B7%7Dta1.gif
img_63,aHR0cHM6Ly9pbnRyYW5ldGRvYy5lcGFncmkuc2MuZ292LmJyL3NlZGltb2IvYXJxX2FuZXhvcy8lNUIxMjk4NSU1RCU3Qjg2JTdEdGE1LnBuZw==.png,https://intranetdoc.epagri.sc.gov.br/sedimob/arq_anexos/%5B12985%5D%7B86%7Dta5.png
img_64,aHR0cHM6Ly9pbnRyYW5ldGRvYy5lcGFncmkuc2MuZ292LmJyL3NlZGltb2IvYXJxX2FuZXhvcy8lNUIxMjk4NSU1RCU3QjI0NiU3RHRhMy5wbmc=.png,https://intranetdoc.epagri.sc.gov.br/sedimob/arq_anexos/%5B12985%5D%7B246%7Dta3.png
img_65,aHR0cHM6Ly9pbnRyYW5ldGRvYy5lcGFncmkuc2MuZ292LmJyL3NlZGltb2IvYXJxX2FuZXhvcy8lNUIxMjk4NSU1RCU3QjM0MSU3RHRhNC5wbmc=.png,https://intranetdoc.epagri.sc.gov.br/sedimob/arq_anexos/%5B12985%5D%7B341%7Dta4.png
img_66,aHR0cHM6Ly9pbnRyYW5ldGRvYy5lcGFncmkuc2MuZ292LmJyL3NlZGltb2IvYXJxX2FuZXhvcy8lNUIxMjk4NSU1RCU3QjMzNSU3RHRhNi5wbmc=.png,https://intranetdoc.epagri.sc.gov.br/sedimob/arq_anexos/%5B12985%5D%7B335%7Dta6.png
img_67,aHR0cHM6Ly9pbnRyYW5ldGRvYy5lcGFncmkuc2MuZ292LmJyL3NlZGltb2IvYXJxX2FuZXhvcy8lNUIxMjk4NSU1RCU3QjQ0MSU3RHRhMi5wbmc=.png,https://intranetdoc.epagri.sc.gov.br/sedimob/arq_anexos/%5B12985%5D%7B441%7Dta2.png
img_68,aHR0cHM6Ly9pbnRyYW5ldGRvYy5lcGFncmkuc2MuZ292LmJyL3NlZGltb2IvYXJxX2FuZXhvcy8lNUIxODM1NiU1RCU3QjI3NiU3RGNhcF8zXy1fZmlnXzJfLV9sZXRyYV9hXy1fZ3JhbmRlX25haW5lXy1fYXV0b3JpYV9rZW55X2hlbnJpcXVlX21hcmlndWVsaS5qcGc=.jpg,https://intranetdoc.epagri.sc.gov.br/sedimob/arq_anexos/%5B18356%5D%7B276%7Dcap_3_-_fig_2_-_letra_a_-_grande_naine_-_autoria_keny_henrique_marigueli.jpg
img_69,aHR0cHM6Ly9pbnRyYW5ldGRvYy5lcGFncmkuc2MuZ292LmJyL3NlZGltb2IvYXJxX2FuZXhvcy8lNUIxODM1OSU1RCU3QjQyNyU3RGNhcF8zXy1fZmlnXzNfLV9sZXRyYV9iXy1fZmlnb19jaW56YV8tX2F1dG9yaWFfZWxpc2V1X2VtYW5vZWxfZG9zX3NhbnRvcy5qcGc=.jpg,https://intranetdoc.epagri.sc.gov.br/sedimob/arq_anexos/%5B18359%5D%7B427%7Dcap_3_-_fig_3_-_letra_b_-_figo_cinza_-_autoria_eliseu_emanoel_dos_santos.jpg
img_70,aHR0cHM6Ly9pbnRyYW5ldGRvYy5lcGFncmkuc2MuZ292LmJyL3NlZGltb2IvYXJxX2FuZXhvcy8lNUIxODM2NCU1RCU3QjclN0RpbWdfMzY1OS5qcGc=.jpg,https://intranetdoc.epagri.sc.gov.br/sedimob/arq_anexos/%5B18364%5D%7B7%7Dimg_3659.jpg
img_71,aHR0cHM6Ly9pbnRyYW5ldGRvYy5lcGFncmkuc2MuZ292LmJyL3NlZGltb2IvYXJxX2FuZXhvcy8lNUIxODM2NCU1RCU3QjIwNCU3RGNhcF8zXy1fZmlnXzRfLV9sZXRyYV9kXy1fYmVsbHVuYV8tX2F1dG9yaWFfZWxpc2V1X2VtYW5vZWxfZG9zX3NhbnRvcy5qcGc=.jpg,https://intranetdoc.epagri.sc.gov.br/sedimob/arq_anexos/%5B18364%5D%7B204%7Dcap_3_-_fig_4_-_letra_d_-_belluna_-_autoria_eliseu_emanoel_dos_santos.jpg
img_72,aHR0cHM6Ly9pbnRyYW5ldGRvYy5lcGFncmkuc2MuZ292LmJyL3NlZGltb2IvYXJxX2FuZXhvcy8lNUIxODM2OSU1RCU3QjQ4NiU3RGNhcF8zXy1fZmlnXzRfLV9sZXRyYV9jXy1fdGhhcF9tYWVvXy1fYXV0b3JpYV9lbGlzZXVfZW1hbm9lbF9kb3Nfc2FudG9zLmpwZw==.jpg,https://intranetdoc.epagri.sc.gov.br/sedimob/arq_anexos/%5B18369%5D%7B486%7Dcap_3_-_fig_4_-_letra_c_-_thap_maeo_-_autoria_eliseu_emanoel_dos_santos.jpg
img_73,aHR0cHM6Ly9pbnRyYW5ldGRvYy5lcGFncmkuc2MuZ292LmJyL3NlZGltb2IvYXJxX2FuZXhvcy8lNUIxODM3MCU1RCU3QjMyMiU3RGNhcF8zXy1fZmlnXzRfLV9sZXRyYV9iXy1fb3Vyb18tX2F1dG9yaWFfZWxpc2V1X2VtYW5vZWxfZG9zX3NhbnRvcy5qcGc=.jpg,https://intranetdoc.epagri.sc.gov.br/sedimob/arq_anexos/%5B18370%5D%7B322%7Dcap_3_-_fig_4_-_letra_b_-_ouro_-_autoria_eliseu_emanoel_dos_santos.jpg
img_74,aHR0cHM6Ly9pbnRyYW5ldGRvYy5lcGFncmkuc2MuZ292LmJyL3NlZGltb2IvYXJxX2FuZXhvcy8lNUIxODM3MyU1RCU3QjE5NiU3RGx1cmRpbmhhXzEuanBn.jpg,https://intranetdoc.epagri.sc.gov.br/sedimob/arq_anexos/%5B18373%5D%7B196%7Dlurdinha_1.jpg
img_75,aHR0cHM6Ly9pbnRyYW5ldGRvYy5lcGFncmkuc2MuZ292LmJyL3NlZGltb2IvYXJxX2FuZXhvcy8lNUIxODM3MyU1RCU3QjI3MCU3RGx1cmRpbmhhXzMuanBn.jpg,https://intranetdoc.epagri.sc.gov.br/sedimob/arq_anexos/%5B18373%5D%7B270%7Dlurdinha_3.jpg
img_76,aHR0cHM6Ly9pbnRyYW5ldGRvYy5lcGFncmkuc2MuZ292LmJyL3NlZGltb2IvYXJxX2FuZXhvcy8lNUIxODM3MyU1RCU3QjM4JTdEbHVyZGluaGFfMi5qcGc=.jpg,https://intranetdoc.epagri.sc.gov.br/sedimob/arq_anexos/%5B18373%5D%7B38%7Dlurdinha_2.jpg
img_77,aHR0cHM6Ly9pbnRyYW5ldGRvYy5lcGFncmkuc2MuZ292LmJyL3NlZGltb2IvYXJxX2FuZXhvcy8lNUIxODM3NCU1RCU3QjEyNSU3RGRlZm9saGEuanBn.jpg,https://intranetdoc.epagri.sc.gov.br/sedimob/arq_anexos/%5B18374%5D%7B125%7Ddefolha.jpg
img_78,aHR0cHM6Ly9pbnRyYW5ldGRvYy5lcGFncmkuc2MuZ292LmJyL3NlZGltb2IvYXJxX2FuZXhvcy8lNUIxODM3NCU1RCU3QjglN0RkZXNmb2xoYV8yLmpwZw==.jpg,https://intranetdoc.epagri.sc.gov.br/sedimob/arq_anexos/%5B18374%5D%7B8%7Ddesfolha_2.jpg
img_79,aHR0cHM6Ly9pbnRyYW5ldGRvYy5lcGFncmkuc2MuZ292LmJyL3NlZGltb2IvYXJxX2FuZXhvcy8lNUIxODM3NiU1RCU3QjI0MSU3RGNvcmFjYW9fMy5qcGc=.jpg,https://intranetdoc.epagri.sc.gov.br/sedimob/arq_anexos/%5B18376%5D%7B241%7Dcoracao_3.jpg
img_80,aHR0cHM6Ly9pbnRyYW5ldGRvYy5lcGFncmkuc2MuZ292LmJyL3NlZGltb2IvYXJxX2FuZXhvcy8lNUIxODM3NiU1RCU3QjMzNCU3RGNvcmFjYW9fMS5qcGc=.jpg,https://intranetdoc.epagri.sc.gov.br/sedimob/arq_anexos/%5B18376%5D%7B334%7Dcoracao_1.jpg
img_81,aHR0cHM6Ly9pbnRyYW5ldGRvYy5lcGFncmkuc2MuZ292LmJyL3NlZGltb2IvYXJxX2FuZXhvcy8lNUIxODM3NiU1RCU3QjQwMyU3RGNvcmFjYW9fMi5qcGc=.jpg,https://intranetdoc.epagri.sc.gov.br/sedimob/arq_anexos/%5B18376%5D%7B403%7Dcoracao_2.jpg
img_82,aHR0cHM6Ly9pbnRyYW5ldGRvYy5lcGFncmkuc2MuZ292LmJyL3NlZGltb2IvYXJxX2FuZXhvcy8lNUIxODM3NSU1RCU3QjEyMyU3RGVjb3JhbWVudG9fY29yZGEucG5n.png,https://intranetdoc.epagri.sc.gov.br/sedimob/arq_anexos/%5B18375%5D%7B123%7Decoramento_corda.png
img_83,aHR0cHM6Ly9pbnRyYW5ldGRvYy5lcGFncmkuc2MuZ292LmJyL3NlZGltb2IvYXJxX2FuZXhvcy8lNUIxODM3NSU1RCU3QjMzOSU3RGVzY29yYW1lbnRvLnBuZw==.png,https://intranetdoc.epagri.sc.gov.br/sedimob/arq_anexos/%5B18375%5D%7B339%7Descoramento.png
img_84,aHR0cHM6Ly9pbnRyYW5ldGRvYy5lcGFncmkuc2MuZ292LmJyL3NlZGltb2IvYXJxX2FuZXhvcy8lNUIxODM3NSU1RCU3QjQ0MiU3RGVzY29yYV9kdXBsYV8yLmpwZw==.jpg,https://intranetdoc.epagri.sc.gov.br/sedimob/arq_anexos/%5B18375%5D%7B442%7Descora_dupla_2.jpg
img_85,aHR0cHM6Ly9pbnRyYW5ldGRvYy5lcGFncmkuc2MuZ292LmJyL3NlZGltb2IvYXJxX2FuZXhvcy8lNUIxODM3NSU1RCU3QjUxOSU3RGVzY29yYV9kdXBsYS5qcGc=.jpg,https://intranetdoc.epagri.sc.gov.br/sedimob/arq_anexos/%5B18375%5D%7B519%7Descora_dupla.jpg
img_86,aHR0cHM6Ly9pbnRyYW5ldGRvYy5lcGFncmkuc2MuZ292LmJyL3NlZGltb2IvYXJxX2FuZXhvcy8lNUIxODM3NyU1RCU3QjI0JTdEcG9kYV9kZV9wZW5jYV8xLmpwZw==.jpg,https://intranetdoc.epagri.sc.gov.br/sedimob/arq_anexos/%5B18377%5D%7B24%7Dpoda_de_penca_1.jpg
img_87,aHR0cHM6Ly9pbnRyYW5ldGRvYy5lcGFncmkuc2MuZ292LmJyL3NlZGltb2IvYXJxX2FuZXhvcy8lNUIxODM3NyU1RCU3QjM5NyU3RHBvZGFfZGVfcGVuY2EuanBn.jpg,https://intranetdoc.epagri.sc.gov.br/sedimob/arq_anexos/%5B18377%5D%7B397%7Dpoda_de_penca.jpg
img_88,aHR0cHM6Ly9pbnRyYW5ldGRvYy5lcGFncmkuc2MuZ292LmJyL3NlZGltb2IvYXJxX2FuZXhvcy8lNUIxODM3NyU1RCU3QjQ0NCU3RHBvZGFfZGVfcGVuY2FfMi5wbmc=.png,https://intranetdoc.epagri.sc.gov.br/sedimob/arq_anexos/%5B18377%5D%7B444%7Dpoda_de_penca_2.png
img_89,aHR0cHM6Ly9pbnRyYW5ldGRvYy5lcGFncmkuc2MuZ292LmJyL3NlZGltb2IvYXJxX2FuZXhvcy8lNUIxODM3OCU1RCU3QjEzNyU3RGVuc2FjYW1lbnRvXzIuanBn.jpg,https://intranetdoc.epagri.sc.gov.br/sedimob/arq_anexos/%5B18378%5D%7B137%7Densacamento_2.jpg
img_90,aHR0cHM6Ly9pbnRyYW5ldGRvYy5lcGFncmkuc2MuZ292LmJyL3NlZGltb2IvYXJxX2FuZXhvcy8lNUIxODM3OCU1RCU3QjI5NyU3RGVuc2FjYW1lbnRvXzUucG5n.png,https://intranetdoc.epagri.sc.gov.br/sedimob/arq_anexos/%5B18378%5D%7B297%7Densacamento_5.png
img_91,aHR0cHM6Ly9pbnRyYW5ldGRvYy5lcGFncmkuc2MuZ292LmJyL3NlZGltb2IvYXJxX2FuZXhvcy8lNUIxODM3OCU1RCU3QjMyNSU3RGVuY2FjYW1lbnRvXzEuanBn.jpg,https://intranetdoc.epagri.sc.gov.br/sedimob/arq_anexos/%5B18378%5D%7B325%7Dencacamento_1.jpg
img_92,aHR0cHM6Ly9pbnRyYW5ldGRvYy5lcGFncmkuc2MuZ292LmJyL3NlZGltb2IvYXJxX2FuZXhvcy8lNUIxODM3OCU1RCU3QjQzMSU3RGVuc2FjYW1lbnRvXzMuanBn.jpg,https://intranetdoc.epagri.sc.gov.br/sedimob/arq_anexos/%5B18378%5D%7B431%7Densacamento_3.jpg
img_93,aHR0cHM6Ly9pbnRyYW5ldGRvYy5lcGFncmkuc2MuZ292LmJyL3NlZGltb2IvYXJxX2FuZXhvcy8lNUIxODM3OSU1RCU3QjMzMiU3RGRlc3Zpb19kZV9wZXJmaWxob3NfMS5qcGc=.jpg,https://intranetdoc.epagri.sc.gov.br/sedimob/arq_anexos/%5B18379%5D%7B332%7Ddesvio_de_perfilhos_1.jpg
img_94,aHR0cHM6Ly9pbnRyYW5ldGRvYy5lcGFncmkuc2MuZ292LmJyL3NlZGltb2IvYXJxX2FuZXhvcy8lNUIxODM4MiU1RCU3QjI3NyU3RDIwMjMwODE1XzA5NTg1NS5qcGc=.jpg,https://intranetdoc.epagri.sc.gov.br/sedimob/arq_anexos/%5B18382%5D%7B277%7D20230815_095855.jpg
img_95,aHR0cHM6Ly9pbnRyYW5ldGRvYy5lcGFncmkuc2MuZ292LmJyL3NlZGltb2IvYXJxX2FuZXhvcy8lNUIxODM4MiU1RCU3QjQyMSU3RGZpbGVpcmFfZHVwbGEuanBn.jpg,https://intranetdoc.epagri.sc.gov.br/sedimob/arq_anexos/%5B18382%5D%7B421%7Dfileira_dupla.jpg
img_96,aHR0cHM6Ly9pbnRyYW5ldGRvYy5lcGFncmkuc2MuZ292LmJyL3NlZGltb2IvYXJxX2FuZXhvcy8lNUIxODM4MSU1RCU3QjEwOCU3RHBsYW50YXNfaW52YXNvcmFzLnBuZw==.png,https://intranetdoc.epagri.sc.gov.br/sedimob/arq_anexos/%5B18381%5D%7B108%7Dplantas_invasoras.png
img_97,aHR0cHM6Ly9pbnRyYW5ldGRvYy5lcGFncmkuc2MuZ292LmJyL3NlZGltb2IvYXJxX2FuZXhvcy8lNUIxODM4MyU1RCU3QjE3MSU3RGZpZ3VyYV8xNi5qcGc=.jpg,https://intranetdoc.epagri.sc.gov.br/sedimob/arq_anexos/%5B18383%5D%7B171%7Dfigura_16.jpg
img_98,aHR0cHM6Ly9pbnRyYW5ldGRvYy5lcGFncmkuc2MuZ292LmJyL3NlZGltb2IvYXJxX2FuZXhvcy8lNUIxODM4MyU1RCU3QjE5NiU3RGZpZ3VyYV8xMi5qcGc=.jpg,https://intranetdoc.epagri.sc.gov.br/sedimob/arq_anexos/%5B18383%5D%7B196%7Dfigura_12.jpg
img_99,aHR0cHM6Ly9pbnRyYW5ldGRvYy5lcGFncmkuc2MuZ292LmJyL3NlZGltb2IvYXJxX2FuZXhvcy8lNUIxODM4MyU1RCU3QjMxNyU3RGZpZ3VyYV8xOC5qcGc=.jpg,https://intranetdoc.epagri.sc.gov.br/sedimob/arq_anexos/%5B18383%5D%7B317%7Dfigura_18.jpg
img_100,aHR0cHM6Ly9pbnRyYW5ldGRvYy5lcGFncmkuc2MuZ292LmJyL3NlZGltb2IvYXJxX2FuZXhvcy8lNUIxODM4MyU1RCU3QjQ2NyU3RGZpZ3VyYV8xNC5qcGc=.jpg,https://intranetdoc.epagri.sc.gov.br/sedimob/arq_anexos/%5B18383%5D%7B467%7Dfigura_14.jpg
img_101,aHR0cHM6Ly9pbnRyYW5ldGRvYy5lcGFncmkuc2MuZ292LmJyL3NlZGltb2IvYXJxX2FuZXhvcy8lNUIxODM4MyU1RCU3QjUwMiU3RGZpZ3VyYV8xNS5qcGc=.jpg,https://intranetdoc.epagri.sc.gov.br/sedimob/arq_anexos/%5B18383%5D%7B502%7Dfigura_15.jpg
img_102,aHR0cHM6Ly9pbnRyYW5ldGRvYy5lcGFncmkuc2MuZ292LmJyL3NlZGltb2IvYXJxX2FuZXhvcy8lNUIxODM4MyU1RCU3QjUwNyU3RGZpZ3VyYV8xNy5qcGc=.jpg,https://intranetdoc.epagri.sc.gov.br/sedimob/arq_anexos/%5B18383%5D%7B507%7Dfigura_17.jpg
img_103,aHR0cHM6Ly9pbnRyYW5ldGRvYy5lcGFncmkuc2MuZ292LmJyL3NlZGltb2IvYXJxX2FuZXhvcy8lNUIxODM4NCU1RCU3QjclN0RjYWJvX2FlcmVvLnBuZw==.png,https://intranetdoc.epagri.sc.gov.br/sedimob/arq_anexos/%5B18384%5D%7B7%7Dcabo_aereo.png
img_104,aHR0cHM6Ly9pbnRyYW5ldGRvYy5lcGFncmkuc2MuZ292LmJyL3NlZGltb2IvYXJxX2FuZXhvcy8lNUIxODM4NCU1RCU3QjE0MyU3RGRlc3BlbmNhbnRvXzEuanBn.jpg,https://intranetdoc.epagri.sc.gov.br/sedimob/arq_anexos/%5B18384%5D%7B143%7Ddespencanto_1.jpg
img_105,aHR0cHM6Ly9pbnRyYW5ldGRvYy5lcGFncmkuc2MuZ292LmJyL3NlZGltb2IvYXJxX2FuZXhvcy8lNUIxODM4NCU1RCU3QjE1NyU3RG5vcm1hc19jbGFzc2lmaWNhY2FvX2JhbmFuYS5wbmc=.png,https://intranetdoc.epagri.sc.gov.br/sedimob/arq_anexos/%5B18384%5D%7B157%7Dnormas_classificacao_banana.png
img_106,aHR0cHM6Ly9pbnRyYW5ldGRvYy5lcGFncmkuc2MuZ292LmJyL3NlZGltb2IvYXJxX2FuZXhvcy8lNUIxODM4NCU1RCU3QjE3NiU3RGRpc3RhbmNpYWRvci5qcGc=.jpg,https://intranetdoc.epagri.sc.gov.br/sedimob/arq_anexos/%5B18384%5D%7B176%7Ddistanciador.jpg
img_107,aHR0cHM6Ly9pbnRyYW5ldGRvYy5lcGFncmkuc2MuZ292LmJyL3NlZGltb2IvYXJxX2FuZXhvcy8lNUIxODM4NCU1RCU3QjE4MyU3RGZpZ3VyYV8xNl8tX3N1cGVyaW9yLnBuZw==.png,https://intranetdoc.epagri.sc.gov.br/sedimob/arq_anexos/%5B18384%5D%7B183%7Dfigura_16_-_superior.png
img_108,aHR0cHM6Ly9pbnRyYW5ldGRvYy5lcGFncmkuc2MuZ292LmJyL3NlZGltb2IvYXJxX2FuZXhvcy8lNUIxODM4NCU1RCU3QjE5MiU3RGNvcmFjYW9fMy5qcGc=.jpg,https://intranetdoc.epagri.sc.gov.br/sedimob/arq_anexos/%5B18384%5D%7B192%7Dcoracao_3.jpg
img_109,aHR0cHM6Ly9pbnRyYW5ldGRvYy5lcGFncmkuc2MuZ292LmJyL3NlZGltb2IvYXJxX2FuZXhvcy8lNUIxODM4NCU1RCU3QjE5MSU3RGNhaXhhc19kZV9tYWRlaXJhX25vdmFzXzEuanBn.jpg,https://intranetdoc.epagri.sc.gov.br/sedimob/arq_anexos/%5B18384%5D%7B191%7Dcaixas_de_madeira_novas_1.jpg
img_110,aHR0cHM6Ly9pbnRyYW5ldGRvYy5lcGFncmkuc2MuZ292LmJyL3NlZGltb2IvYXJxX2FuZXhvcy8lNUIxODM4NCU1RCU3QjE5MyU3RGRlc3Bpc3RpbGFnZW1fc296aW5oby5qcGc=.jpg,https://intranetdoc.epagri.sc.gov.br/sedimob/arq_anexos/%5B18384%5D%7B193%7Ddespistilagem_sozinho.jpg
img_111,aHR0cHM6Ly9pbnRyYW5ldGRvYy5lcGFncmkuc2MuZ292LmJyL3NlZGltb2IvYXJxX2FuZXhvcy8lNUIxODM4NCU1RCU3QjElN0RmaWd1cmFfMl8tX2IuanBn.jpg,https://intranetdoc.epagri.sc.gov.br/sedimob/arq_anexos/%5B18384%5D%7B1%7Dfigura_2_-_b.jpg
img_112,aHR0cHM6Ly9pbnRyYW5ldGRvYy5lcGFncmkuc2MuZ292LmJyL3NlZGltb2IvYXJxX2FuZXhvcy8lNUIxODM4NCU1RCU3QjEyOSU3RHBlbmNhX3Bvc19jb2xoZWl0YS5qcGc=.jpg,https://intranetdoc.epagri.sc.gov.br/sedimob/arq_anexos/%5B18384%5D%7B129%7Dpenca_pos_colheita.jpg
img_113,aHR0cHM6Ly9pbnRyYW5ldGRvYy5lcGFncmkuc2MuZ292LmJyL3NlZGltb2IvYXJxX2FuZXhvcy8lNUIxODM4NCU1RCU3QjEzNCU3RGRlc3Bpc3RpbGFnZW0ucG5n.png,https://intranetdoc.epagri.sc.gov.br/sedimob/arq_anexos/%5B18384%5D%7B134%7Ddespistilagem.png
img_114,aHR0cHM6Ly9pbnRyYW5ldGRvYy5lcGFncmkuc2MuZ292LmJyL3NlZGltb2IvYXJxX2FuZXhvcy8lNUIxODM4NCU1RCU3QjgxJTdEcmVjZXBjYW9fMi5wbmc=.png,https://intranetdoc.epagri.sc.gov.br/sedimob/arq_anexos/%5B18384%5D%7B81%7Drecepcao_2.png
img_115,aHR0cHM6Ly9pbnRyYW5ldGRvYy5lcGFncmkuc2MuZ292LmJyL3NlZGltb2IvYXJxX2FuZXhvcy8lNUIxODM4NCU1RCU3QjI3MCU3RGNhc2FfZGVfZW1iYWxhZ2VtXzEuanBn.jpg,https://intranetdoc.epagri.sc.gov.br/sedimob/arq_anexos/%5B18384%5D%7B270%7Dcasa_de_embalagem_1.jpg
img_116,aHR0cHM6Ly9pbnRyYW5ldGRvYy5lcGFncmkuc2MuZ292LmJyL3NlZGltb2IvYXJxX2FuZXhvcy8lNUIxODM4NCU1RCU3QjI4MiU3RGRlc3Bpc3RpbGFnZW1fMS5qcGc=.jpg,https://intranetdoc.epagri.sc.gov.br/sedimob/arq_anexos/%5B18384%5D%7B282%7Ddespistilagem_1.jpg
img_117,aHR0cHM6Ly9pbnRyYW5ldGRvYy5lcGFncmkuc2MuZ292LmJyL3NlZGltb2IvYXJxX2FuZXhvcy8lNUIxODM4NCU1RCU3QjI4MyU3RGVuc2FjYW1lbnRvX2RvX2NhY2hvXzUuanBn.jpg,https://intranetdoc.epagri.sc.gov.br/sedimob/arq_anexos/%5B18384%5D%7B283%7Densacamento_do_cacho_5.jpg
img_118,aHR0cHM6Ly9pbnRyYW5ldGRvYy5lcGFncmkuc2MuZ292LmJyL3NlZGltb2IvYXJxX2FuZXhvcy8lNUIxODM4NCU1RCU3QjI4NyU3RHRyYW5zcG9ydGVfY2FjaG9zXzMuanBn.jpg,https://intranetdoc.epagri.sc.gov.br/sedimob/arq_anexos/%5B18384%5D%7B287%7Dtransporte_cachos_3.jpg
img_119,aHR0cHM6Ly9pbnRyYW5ldGRvYy5lcGFncmkuc2MuZ292LmJyL3NlZGltb2IvYXJxX2FuZXhvcy8lNUIxODM4NCU1RCU3QjI5NyU3RGltZ183MjQ3LmpwZw==.jpg,https://intranetdoc.epagri.sc.gov.br/sedimob/arq_anexos/%5B18384%5D%7B297%7Dimg_7247.jpg
img_120,aHR0cHM6Ly9pbnRyYW5ldGRvYy5lcGFncmkuc2MuZ292LmJyL3NlZGltb2IvYXJxX2FuZXhvcy8lNUIxODM4NCU1RCU3QjIxNCU3RGRlc3Bpc3RpbGFnZW1fNS5qcGc=.jpg,https://intranetdoc.epagri.sc.gov.br/sedimob/arq_anexos/%5B18384%5D%7B214%7Ddespistilagem_5.jpg
img_121,aHR0cHM6Ly9pbnRyYW5ldGRvYy5lcGFncmkuc2MuZ292LmJyL3NlZGltb2IvYXJxX2FuZXhvcy8lNUIxODM4NCU1RCU3QjIyMCU3RDIwMTItMDItMTdfMTMuNTAuMDEuanBn.jpg,https://intranetdoc.epagri.sc.gov.br/sedimob/arq_anexos/%5B18384%5D%7B220%7D2012-02-17_13.50.01.jpg
img_122,aHR0cHM6Ly9pbnRyYW5ldGRvYy5lcGFncmkuc2MuZ292LmJyL3NlZGltb2IvYXJxX2FuZXhvcy8lNUIxODM4NCU1RCU3QjM1MSU3RHRyYW5zcG9ydGVfY2FjaG9zXzIuanBn.jpg,https://intranetdoc.epagri.sc.gov.br/sedimob/arq_anexos/%5B18384%5D%7B351%7Dtransporte_cachos_2.jpg
img_123,aHR0cHM6Ly9pbnRyYW5ldGRvYy5lcGFncmkuc2MuZ292LmJyL3NlZGltb2IvYXJxX2FuZXhvcy8lNUIxODM4NCU1RCU3QjM1OCU3RGRhbm9fMi5qcGc=.jpg,https://intranetdoc.epagri.sc.gov.br/sedimob/arq_anexos/%5B18384%5D%7B358%7Ddano_2.jpg
img_124,aHR0cHM6Ly9pbnRyYW5ldGRvYy5lcGFncmkuc2MuZ292LmJyL3NlZGltb2IvYXJxX2FuZXhvcy8lNUIxODM4NCU1RCU3QjM3NyU3RGRlc2ZvbGhhXy1fcG9zLWNvbGhlaXRhLl8xLnBuZw==.png,https://intranetdoc.epagri.sc.gov.br/sedimob/arq_anexos/%5B18384%5D%7B377%7Ddesfolha_-_pos-colheita._1.png
img_125,aHR0cHM6Ly9pbnRyYW5ldGRvYy5lcGFncmkuc2MuZ292LmJyL3NlZGltb2IvYXJxX2FuZXhvcy8lNUIxODM4NCU1RCU3QjM5OCU3RGNvbGhlaXRhLnBuZw==.png,https://intranetdoc.epagri.sc.gov.br/sedimob/arq_anexos/%5B18384%5D%7B398%7Dcolheita.png
img_126,aHR0cHM6Ly9pbnRyYW5ldGRvYy5lcGFncmkuc2MuZ292LmJyL3NlZGltb2IvYXJxX2FuZXhvcy8lNUIxODM4NCU1RCU3QjMwMiU3RHBvZGFfZGVfcGVuY2FfMy5qcGc=.jpg,https://intranetdoc.epagri.sc.gov.br/sedimob/arq_anexos/%5B18384%5D%7B302%7Dpoda_de_penca_3.jpg
img_127,aHR0cHM6Ly9pbnRyYW5ldGRvYy5lcGFncmkuc2MuZ292LmJyL3NlZGltb2IvYXJxX2FuZXhvcy8lNUIxODM4NCU1RCU3QjMxOCU3RGNhaXhhc19wbGFzdGljYXMucG5n.png,https://intranetdoc.epagri.sc.gov.br/sedimob/arq_anexos/%5B18384%5D%7B318%7Dcaixas_plasticas.png
img_128,aHR0cHM6Ly9pbnRyYW5ldGRvYy5lcGFncmkuc2MuZ292LmJyL3NlZGltb2IvYXJxX2FuZXhvcy8lNUIxODM4NCU1RCU3QjQ0MSU3RGNhc2FfZGVfZW1iYWxhZ2VtXy5qcGc=.jpg,https://intranetdoc.epagri.sc.gov.br/sedimob/arq_anexos/%5B18384%5D%7B441%7Dcasa_de_embalagem_.jpg
img_129,aHR0cHM6Ly9pbnRyYW5ldGRvYy5lcGFncmkuc2MuZ292LmJyL3NlZGltb2IvYXJxX2FuZXhvcy8lNUIxODM4NCU1RCU3QjQ4MCU3RGltZ181Nzk3LmpwZw==.jpg,https://intranetdoc.epagri.sc.gov.br/sedimob/arq_anexos/%5B18384%5D%7B480%7Dimg_5797.jpg
img_130,aHR0cHM6Ly9pbnRyYW5ldGRvYy5lcGFncmkuc2MuZ292LmJyL3NlZGltb2IvYXJxX2FuZXhvcy8lNUIxODM4NCU1RCU3QjQ4MCU3RGxhdmFjYW8ucG5n.png,https://intranetdoc.epagri.sc.gov.br/sedimob/arq_anexos/%5B18384%5D%7B480%7Dlavacao.png
img_131,aHR0cHM6Ly9pbnRyYW5ldGRvYy5lcGFncmkuc2MuZ292LmJyL3NlZGltb2IvYXJxX2FuZXhvcy8lNUIxODM4NCU1RCU3QjQzOCU3RGRlc3BlbmNhbWVudG9fMi5qcGc=.jpg,https://intranetdoc.epagri.sc.gov.br/sedimob/arq_anexos/%5B18384%5D%7B438%7Ddespencamento_2.jpg
img_132,aHR0cHM6Ly9pbnRyYW5ldGRvYy5lcGFncmkuc2MuZ292LmJyL3NlZGltb2IvYXJxX2FuZXhvcy8lNUIxODM4NCU1RCU3QjU0OSU3RGRlc2ZvbGhhXy1fcG9zLWNvbGhlaXRhLnBuZw==.png,https://intranetdoc.epagri.sc.gov.br/sedimob/arq_anexos/%5B18384%5D%7B549%7Ddesfolha_-_pos-colheita.png
img_133,aHR0cHM6Ly9pbnRyYW5ldGRvYy5lcGFncmkuc2MuZ292LmJyL3NlZGltb2IvYXJxX2FuZXhvcy8lNUIxODM4NCU1RCU3QjUlN0RmaWd1cmFfNC5qcGc=.jpg,https://intranetdoc.epagri.sc.gov.br/sedimob/arq_anexos/%5B18384%5D%7B5%7Dfigura_4.jpg
img_134,aHR0cHM6Ly9pbnRyYW5ldGRvYy5lcGFncmkuc2MuZ292LmJyL3NlZGltb2IvYXJxX2FuZXhvcy8lNUIxODM4NiU1RCU3QjE3NCU3RGNlcGFfMy5qcGc=.jpg,https://intranetdoc.epagri.sc.gov.br/sedimob/arq_anexos/%5B18386%5D%7B174%7Dcepa_3.jpg
img_135,aHR0cHM6Ly9pbnRyYW5ldGRvYy5lcGFncmkuc2MuZ292LmJyL3NlZGltb2IvYXJxX2FuZXhvcy8lNUIxODM4NiU1RCU3QjE3NSU3RGNlcGFfNy5qcGc=.jpg,https://intranetdoc.epagri.sc.gov.br/sedimob/arq_anexos/%5B18386%5D%7B175%7Dcepa_7.jpg
img_136,aHR0cHM6Ly9pbnRyYW5ldGRvYy5lcGFncmkuc2MuZ292LmJyL3NlZGltb2IvYXJxX2FuZXhvcy8lNUIxODM4NiU1RCU3QjM1OSU3RGNlcGFfMi5qcGc=.jpg,https://intranetdoc.epagri.sc.gov.br/sedimob/arq_anexos/%5B18386%5D%7B359%7Dcepa_2.jpg
img_137,aHR0cHM6Ly9pbnRyYW5ldGRvYy5lcGFncmkuc2MuZ292LmJyL3NlZGltb2IvYXJxX2FuZXhvcy8lNUIxODM4NiU1RCU3QjMxNiU3RGNlcGFfNC5qcGc=.jpg,https://intranetdoc.epagri.sc.gov.br/sedimob/arq_anexos/%5B18386%5D%7B316%7Dcepa_4.jpg
img_138,aHR0cHM6Ly9pbnRyYW5ldGRvYy5lcGFncmkuc2MuZ292LmJyL3NlZGltb2IvYXJxX2FuZXhvcy8lNUIxODM4NiU1RCU3QjMzNCU3RGNpcmFtXzIuanBn.jpg,https://intranetdoc.epagri.sc.gov.br/sedimob/arq_anexos/%5B18386%5D%7B334%7Dciram_2.jpg
img_139,aHR0cHM6Ly9pbnRyYW5ldGRvYy5lcGFncmkuc2MuZ292LmJyL3NlZGltb2IvYXJxX2FuZXhvcy8lNUIxODM4NiU1RCU3QjUwJTdEY2VwYV81LmpwZw==.jpg,https://intranetdoc.epagri.sc.gov.br/sedimob/arq_anexos/%5B18386%5D%7B50%7Dcepa_5.jpg
img_140,aHR0cHM6Ly9pbnRyYW5ldGRvYy5lcGFncmkuc2MuZ292LmJyL3NlZGltb2IvYXJxX2FuZXhvcy8lNUIxODM4NiU1RCU3QjUwMiU3RGNlcGFfNi5qcGc=.jpg,https://intranetdoc.epagri.sc.gov.br/sedimob/arq_anexos/%5B18386%5D%7B502%7Dcepa_6.jpg
img_141,aHR0cHM6Ly9pbnRyYW5ldGRvYy5lcGFncmkuc2MuZ292LmJyL3NlZGltb2IvYXJxX2FuZXhvcy8lNUIxODM4NiU1RCU3QjUyNiU3RGNpcmFtMS5qcGc=.jpg,https://intranetdoc.epagri.sc.gov.br/sedimob/arq_anexos/%5B18386%5D%7B526%7Dciram1.jpg
img_142,aHR0cHM6Ly9pbnRyYW5ldGRvYy5lcGFncmkuc2MuZ292LmJyL3NlZGltb2IvYXJxX2FuZXhvcy8lNUIxODM4NSU1RCU3QjE5MyU3RGZpZ3VyYV8xNl8tX2luZmVyaW9yLnBuZw==.png,https://intranetdoc.epagri.sc.gov.br/sedimob/arq_anexos/%5B18385%5D%7B193%7Dfigura_16_-_inferior.png
img_143,aHR0cHM6Ly9pbnRyYW5ldGRvYy5lcGFncmkuc2MuZ292LmJyL3NlZGltb2IvYXJxX2FuZXhvcy8lNUIxODM4NSU1RCU3QjEwMiU3RGNpbGluZHJvc19ldGlsZW5vLmpwZw==.jpg,https://intranetdoc.epagri.sc.gov.br/sedimob/arq_anexos/%5B18385%5D%7B102%7Dcilindros_etileno.jpg
img_144,aHR0cHM6Ly9pbnRyYW5ldGRvYy5lcGFncmkuc2MuZ292LmJyL3NlZGltb2IvYXJxX2FuZXhvcy8lNUIxODM4NSU1RCU3QjEzMiU3RGNhbWFyYV8wMy5qcGc=.jpg,https://intranetdoc.epagri.sc.gov.br/sedimob/arq_anexos/%5B18385%5D%7B132%7Dcamara_03.jpg
img_145,aHR0cHM6Ly9pbnRyYW5ldGRvYy5lcGFncmkuc2MuZ292LmJyL3NlZGltb2IvYXJxX2FuZXhvcy8lNUIxODM4NSU1RCU3QjM2MiU3RGRldGFsaGVzX3JlbG9naW9fLmpwZw==.jpg,https://intranetdoc.epagri.sc.gov.br/sedimob/arq_anexos/%5B18385%5D%7B362%7Ddetalhes_relogio_.jpg
img_146,aHR0cHM6Ly9pbnRyYW5ldGRvYy5lcGFncmkuc2MuZ292LmJyL3NlZGltb2IvYXJxX2FuZXhvcy8lNUIxODM4NSU1RCU3QjM2OSU3RGZpZ3VyYV8xNy5qcGc=.jpg,https://intranetdoc.epagri.sc.gov.br/sedimob/arq_anexos/%5B18385%5D%7B369%7Dfigura_17.jpg
img_147,aHR0cHM6Ly9pbnRyYW5ldGRvYy5lcGFncmkuc2MuZ292LmJyL3NlZGltb2IvYXJxX2FuZXhvcy8lNUIxODM4NSU1RCU3QjM5JTdEZm9yY2Fkb3JfZGVfYXIuanBn.jpg,https://intranetdoc.epagri.sc.gov.br/sedimob/arq_anexos/%5B18385%5D%7B39%7Dforcador_de_ar.jpg
img_148,aHR0cHM6Ly9pbnRyYW5ldGRvYy5lcGFncmkuc2MuZ292LmJyL3NlZGltb2IvYXJxX2FuZXhvcy8lNUIxODM4NSU1RCU3QjQyNiU3RGJhbmFuYXMtMDAwMS5qcGc=.jpg,https://intranetdoc.epagri.sc.gov.br/sedimob/arq_anexos/%5B18385%5D%7B426%7Dbananas-0001.jpg
img_149,aHR0cHM6Ly9pbnRyYW5ldGRvYy5lcGFncmkuc2MuZ292LmJyL3NlZGltb2IvYXJxX2FuZXhvcy8lNUIxODM4NSU1RCU3QjU0NiU3RGdlcmFkb3JfJTI4MiUyOS5wbmc=.png,https://intranetdoc.epagri.sc.gov.br/sedimob/arq_anexos/%5B18385%5D%7B546%7Dgerador_%282%29.png
img_150,aHR0cHM6Ly9pbnRyYW5ldGRvYy5lcGFncmkuc2MuZ292LmJyL3NlZGltb2IvYXJxX2FuZXhvcy8lNUIxODM4NSU1RCU3QjU0NiU3RGNoaWxpbmdfMS5qcGc=.jpg,https://intranetdoc.epagri.sc.gov.br/sedimob/arq_anexos/%5B18385%5D%7B546%7Dchiling_1.jpg
img_151,aHR0cHM6Ly9pbnRyYW5ldGRvYy5lcGFncmkuc2MuZ292LmJyL3NlZGltb2IvYXJxX2FuZXhvcy8lNUIxODM4NSU1RCU3QjU0NiU3RGZpZ3VyYV8xNl8tX3N1cGVyaW9yLnBuZw==.png,https://intranetdoc.epagri.sc.gov.br/sedimob/arq_anexos/%5B18385%5D%7B546%7Dfigura_16_-_superior.png
img_152,aHR0cHM6Ly9pbnRyYW5ldGRvYy5lcGFncmkuc2MuZ292LmJyL3NlZGltb2IvYXJxX2FuZXhvcy8lNUIxODM4NSU1RCU3QjUwNiU3RGNoaWxpbmdfMi5qcGc=.jpg,https://intranetdoc.epagri.sc.gov.br/sedimob/arq_anexos/%5B18385%5D%7B506%7Dchiling_2.jpg
img_153,aHR0cHM6Ly9pbnRyYW5ldGRvYy5lcGFncmkuc2MuZ292LmJyL3NlZGltb2IvYXJxX2FuZXhvcy8lNUIxODM4NyU1RCU3QjM3NSU3RGJyb2NhXzIucG5n.png,https://intranetdoc.epagri.sc.gov.br/sedimob/arq_anexos/%5B18387%5D%7B375%7Dbroca_2.png
img_154,aHR0cHM6Ly9pbnRyYW5ldGRvYy5lcGFncmkuc2MuZ292LmJyL3NlZGltb2IvYXJxX2FuZXhvcy8lNUIxODM4NyU1RCU3QjMxMSU3RGJyb2NhXzEucG5n.png,https://intranetdoc.epagri.sc.gov.br/sedimob/arq_anexos/%5B18387%5D%7B311%7Dbroca_1.png
img_155,aHR0cHM6Ly9pbnRyYW5ldGRvYy5lcGFncmkuc2MuZ292LmJyL3NlZGltb2IvYXJxX2FuZXhvcy8lNUIxODM4NyU1RCU3QjMyNyU3RGNhcF8xMF8tX2ZpZ3VyYV9jb250cm9sZS5qcGc=.jpg,https://intranetdoc.epagri.sc.gov.br/sedimob/arq_anexos/%5B18387%5D%7B327%7Dcap_10_-_figura_controle.jpg
img_156,aHR0cHM6Ly9pbnRyYW5ldGRvYy5lcGFncmkuc2MuZ292LmJyL3NlZGltb2IvYXJxX2FuZXhvcy8lNUIxODM4NyU1RCU3QjQ3JTdEY2FwXzEwXy1fZmlndXJhXzNfJTI4YnJhbmNvJTI5LmpwZw==.jpg,https://intranetdoc.epagri.sc.gov.br/sedimob/arq_anexos/%5B18387%5D%7B47%7Dcap_10_-_figura_3_%28branco%29.jpg
img_157,aHR0cHM6Ly9pbnRyYW5ldGRvYy5lcGFncmkuc2MuZ292LmJyL3NlZGltb2IvYXJxX2FuZXhvcy8lNUIxODM4NyU1RCU3QjQyMSU3RGNhcF8xMF8tX2ZpZ3VyYV8yXyUyOGJyYW5jbyUyOS5qcGc=.jpg,https://intranetdoc.epagri.sc.gov.br/sedimob/arq_anexos/%5B18387%5D%7B421%7Dcap_10_-_figura_2_%28branco%29.jpg
img_158,aHR0cHM6Ly9pbnRyYW5ldGRvYy5lcGFncmkuc2MuZ292LmJyL3NlZGltb2IvYXJxX2FuZXhvcy8lNUIxODM4OSU1RCU3QjMwMiU3RHRyaXBlc19kYV9mZXJydWdlbV9kb3NfZnJ1dG9zLnBuZw==.png,https://intranetdoc.epagri.sc.gov.br/sedimob/arq_anexos/%5B18389%5D%7B302%7Dtripes_da_ferrugem_dos_frutos.png
img_159,aHR0cHM6Ly9pbnRyYW5ldGRvYy5lcGFncmkuc2MuZ292LmJyL3NlZGltb2IvYXJxX2FuZXhvcy8lNUIxODM4OSU1RCU3QjMwOSU3RGRhbm9zX3RyaXBlc19kYV9mZXJydWdlbV8xLnBuZw==.png,https://intranetdoc.epagri.sc.gov.br/sedimob/arq_anexos/%5B18389%5D%7B309%7Ddanos_tripes_da_ferrugem_1.png
img_160,aHR0cHM6Ly9pbnRyYW5ldGRvYy5lcGFncmkuc2MuZ292LmJyL3NlZGltb2IvYXJxX2FuZXhvcy8lNUIxODM4OSU1RCU3QjQ0NyU3RHRyaXBlc19lbnNhY2FtZW50by5wbmc=.png,https://intranetdoc.epagri.sc.gov.br/sedimob/arq_anexos/%5B18389%5D%7B447%7Dtripes_ensacamento.png
img_161,aHR0cHM6Ly9pbnRyYW5ldGRvYy5lcGFncmkuc2MuZ292LmJyL3NlZGltb2IvYXJxX2FuZXhvcy8lNUIxODM5MCU1RCU3QjQ1NCU3RHRyaXBlc19ldXJ1cGNhby5wbmc=.png,https://intranetdoc.epagri.sc.gov.br/sedimob/arq_anexos/%5B18390%5D%7B454%7Dtripes_eurupcao.png
img_162,aHR0cHM6Ly9pbnRyYW5ldGRvYy5lcGFncmkuc2MuZ292LmJyL3NlZGltb2IvYXJxX2FuZXhvcy8lNUIxODM5MiU1RCU3QjE0JTdEdHJhY2FfNC5wbmc=.png,https://intranetdoc.epagri.sc.gov.br/sedimob/arq_anexos/%5B18392%5D%7B14%7Dtraca_4.png
img_163,aHR0cHM6Ly9pbnRyYW5ldGRvYy5lcGFncmkuc2MuZ292LmJyL3NlZGltb2IvYXJxX2FuZXhvcy8lNUIxODM5MiU1RCU3QjE4NCU3RHRyYWNhXzEucG5n.png,https://intranetdoc.epagri.sc.gov.br/sedimob/arq_anexos/%5B18392%5D%7B184%7Dtraca_1.png
img_164,aHR0cHM6Ly9pbnRyYW5ldGRvYy5lcGFncmkuc2MuZ292LmJyL3NlZGltb2IvYXJxX2FuZXhvcy8lNUIxODM5MiU1RCU3QjQ3OCU3RHRyYWNhLnBuZw==.png,https://intranetdoc.epagri.sc.gov.br/sedimob/arq_anexos/%5B18392%5D%7B478%7Dtraca.png
img_165,aHR0cHM6Ly9pbnRyYW5ldGRvYy5lcGFncmkuc2MuZ292LmJyL3NlZGltb2IvYXJxX2FuZXhvcy8lNUIxODM5MSU1RCU3QjI3OCU3RGRhbm9zX2FjYXJvLmpwZw==.jpg,https://intranetdoc.epagri.sc.gov.br/sedimob/arq_anexos/%5B18391%5D%7B278%7Ddanos_acaro.jpg
img_166,aHR0cHM6Ly9pbnRyYW5ldGRvYy5lcGFncmkuc2MuZ292LmJyL3NlZGltb2IvYXJxX2FuZXhvcy8lNUIxODM5MSU1RCU3QjI5JTdEYWNhcm9fZGVfdGVpYS5qcGc=.jpg,https://intranetdoc.epagri.sc.gov.br/sedimob/arq_anexos/%5B18391%5D%7B29%7Dacaro_de_teia.jpg
img_167,aHR0cHM6Ly9pbnRyYW5ldGRvYy5lcGFncmkuc2MuZ292LmJyL3NlZGltb2IvYXJxX2FuZXhvcy8lNUIxODM5MyU1RCU3QjE2OCU3RGZpZ3VyYV80X2FfY2FwXzYuanBn.jpg,https://intranetdoc.epagri.sc.gov.br/sedimob/arq_anexos/%5B18393%5D%7B168%7Dfigura_4_a_cap_6.jpg
img_168,aHR0cHM6Ly9pbnRyYW5ldGRvYy5lcGFncmkuc2MuZ292LmJyL3NlZGltb2IvYXJxX2FuZXhvcy8lNUIxODM5MyU1RCU3QjQ2JTdEMjAyMjAxMjBfMTAxNzQyLmpwZw==.jpg,https://intranetdoc.epagri.sc.gov.br/sedimob/arq_anexos/%5B18393%5D%7B46%7D20220120_101742.jpg
img_169,aHR0cHM6Ly9pbnRyYW5ldGRvYy5lcGFncmkuc2MuZ292LmJyL3NlZGltb2IvYXJxX2FuZXhvcy8lNUIxODM5NCU1RCU3Qjg1JTdEZmlnXzFhLV9zaWdhdG9rYV9hbWFyZWxhLmpwZw==.jpg,https://intranetdoc.epagri.sc.gov.br/sedimob/arq_anexos/%5B18394%5D%7B85%7Dfig_1a-_sigatoka_amarela.jpg
img_170,aHR0cHM6Ly9pbnRyYW5ldGRvYy5lcGFncmkuc2MuZ292LmJyL3NlZGltb2IvYXJxX2FuZXhvcy8lNUIxODM5NCU1RCU3QjM0NSU3RGZpZ18xYi1fc2FfMS0zLmpwZw==.jpg,https://intranetdoc.epagri.sc.gov.br/sedimob/arq_anexos/%5B18394%5D%7B345%7Dfig_1b-_sa_1-3.jpg
img_171,aHR0cHM6Ly9pbnRyYW5ldGRvYy5lcGFncmkuc2MuZ292LmJyL3NlZGltb2IvYXJxX2FuZXhvcy8lNUIxODM5NCU1RCU3QjUwMSU3RGZpZ18xYy1fc2FfMl80LTUuanBn.jpg,https://intranetdoc.epagri.sc.gov.br/sedimob/arq_anexos/%5B18394%5D%7B501%7Dfig_1c-_sa_2_4-5.jpg
img_172,aHR0cHM6Ly9pbnRyYW5ldGRvYy5lcGFncmkuc2MuZ292LmJyL3NlZGltb2IvYXJxX2FuZXhvcy8lNUIxODM5NiU1RCU3Qjc5JTdEbW9yaXRvcmFtZW50b18xLnBuZw==.png,https://intranetdoc.epagri.sc.gov.br/sedimob/arq_anexos/%5B18396%5D%7B79%7Dmoritoramento_1.png
img_173,aHR0cHM6Ly9pbnRyYW5ldGRvYy5lcGFncmkuc2MuZ292LmJyL3NlZGltb2IvYXJxX2FuZXhvcy8lNUIxODM5NiU1RCU3QjE2MSU3RGZpZ18zLmpwZw==.jpg,https://intranetdoc.epagri.sc.gov.br/sedimob/arq_anexos/%5B18396%5D%7B161%7Dfig_3.jpg
img_174,aHR0cHM6Ly9pbnRyYW5ldGRvYy5lcGFncmkuc2MuZ292LmJyL3NlZGltb2IvYXJxX2FuZXhvcy8lNUIxODM5NiU1RCU3QjE4NSU3RGF2aWFvX3NjaC5wbmc=.png,https://intranetdoc.epagri.sc.gov.br/sedimob/arq_anexos/%5B18396%5D%7B185%7Daviao_sch.png
img_175,aHR0cHM6Ly9pbnRyYW5ldGRvYy5lcGFncmkuc2MuZ292LmJyL3NlZGltb2IvYXJxX2FuZXhvcy8lNUIxODM5NiU1RCU3QjM1MCU3RGNhbmhhb19iYW5hbmVpcm8ucG5n.png,https://intranetdoc.epagri.sc.gov.br/sedimob/arq_anexos/%5B18396%5D%7B350%7Dcanhao_bananeiro.png
img_176,aHR0cHM6Ly9pbnRyYW5ldGRvYy5lcGFncmkuc2MuZ292LmJyL3NlZGltb2IvYXJxX2FuZXhvcy8lNUIxODM5NiU1RCU3QjQ0MyU3RG1pc3R1cmFkb3JfZGVfY2FsZGEuanBn.jpg,https://intranetdoc.epagri.sc.gov.br/sedimob/arq_anexos/%5B18396%5D%7B443%7Dmisturador_de_calda.jpg
img_177,aHR0cHM6Ly9pbnRyYW5ldGRvYy5lcGFncmkuc2MuZ292LmJyL3NlZGltb2IvYXJxX2FuZXhvcy8lNUIxODM5NiU1RCU3QjUzMCU3RG1pc3R1cmEucG5n.png,https://intranetdoc.epagri.sc.gov.br/sedimob/arq_anexos/%5B18396%5D%7B530%7Dmistura.png
img_178,aHR0cHM6Ly9pbnRyYW5ldGRvYy5lcGFncmkuc2MuZ292LmJyL3NlZGltb2IvYXJxX2FuZXhvcy8lNUIxODM5NSU1RCU3QjQ0JTdEZmlnXzJiLV9zbl8xLTMuanBn.jpg,https://intranetdoc.epagri.sc.gov.br/sedimob/arq_anexos/%5B18395%5D%7B44%7Dfig_2b-_sn_1-3.jpg
img_179,aHR0cHM6Ly9pbnRyYW5ldGRvYy5lcGFncmkuc2MuZ292LmJyL3NlZGltb2IvYXJxX2FuZXhvcy8lNUIxODM5NSU1RCU3QjQ2NiU3RGZpZy5fMmMtX3NuXzQtNi5qcGc=.jpg,https://intranetdoc.epagri.sc.gov.br/sedimob/arq_anexos/%5B18395%5D%7B466%7Dfig._2c-_sn_4-6.jpg
img_180,aHR0cHM6Ly9pbnRyYW5ldGRvYy5lcGFncmkuc2MuZ292LmJyL3NlZGltb2IvYXJxX2FuZXhvcy8lNUIxODM5NSU1RCU3QjUxJTdEZmlnXzJhLV9zaWdhdG9rYV9uZWdyYS5qcGc=.jpg,https://intranetdoc.epagri.sc.gov.br/sedimob/arq_anexos/%5B18395%5D%7B51%7Dfig_2a-_sigatoka_negra.jpg
img_181,aHR0cHM6Ly9pbnRyYW5ldGRvYy5lcGFncmkuc2MuZ292LmJyL3NlZGltb2IvYXJxX2FuZXhvcy8lNUIxODM5NyU1RCU3QjM3MSU3RGZpZy40X2NvcmRhbmEuanBn.jpg,https://intranetdoc.epagri.sc.gov.br/sedimob/arq_anexos/%5B18397%5D%7B371%7Dfig.4_cordana.jpg
img_182,aHR0cHM6Ly9pbnRyYW5ldGRvYy5lcGFncmkuc2MuZ292LmJyL3NlZGltb2IvYXJxX2FuZXhvcy8lNUIxODM5OCU1RCU3QjE2OSU3RGZpZ3VyYV81Yl9mZW5kaWxoYW1lbnRvX21hbF9kb19wYW5hbWEuanBn.jpg,https://intranetdoc.epagri.sc.gov.br/sedimob/arq_anexos/%5B18398%5D%7B169%7Dfigura_5b_fendilhamento_mal_do_panama.jpg
img_183,aHR0cHM6Ly9pbnRyYW5ldGRvYy5lcGFncmkuc2MuZ292LmJyL3NlZGltb2IvYXJxX2FuZXhvcy8lNUIxODM5OCU1RCU3QjEyMiU3RGZpZ3VyYV82ZF9zaW50b21hc19wc2V1ZG9jYXVsZS5qcGc=.jpg,https://intranetdoc.epagri.sc.gov.br/sedimob/arq_anexos/%5B18398%5D%7B122%7Dfigura_6d_sintomas_pseudocaule.jpg
img_184,aHR0cHM6Ly9pbnRyYW5ldGRvYy5lcGFncmkuc2MuZ292LmJyL3NlZGltb2IvYXJxX2FuZXhvcy8lNUIxODM5OCU1RCU3QjI0NSU3RGZpZ3VyYV82YV9zaW50b21hc19leHRlcm5vcy5qcGc=.jpg,https://intranetdoc.epagri.sc.gov.br/sedimob/arq_anexos/%5B18398%5D%7B245%7Dfigura_6a_sintomas_externos.jpg
img_185,aHR0cHM6Ly9pbnRyYW5ldGRvYy5lcGFncmkuc2MuZ292LmJyL3NlZGltb2IvYXJxX2FuZXhvcy8lNUIxODM5OCU1RCU3QjIyMiU3RGZpZ3VyYV82Y19zaW50b21hc19leHBlcm5vcy5qcGc=.jpg,https://intranetdoc.epagri.sc.gov.br/sedimob/arq_anexos/%5B18398%5D%7B222%7Dfigura_6c_sintomas_expernos.jpg
img_186,aHR0cHM6Ly9pbnRyYW5ldGRvYy5lcGFncmkuc2MuZ292LmJyL3NlZGltb2IvYXJxX2FuZXhvcy8lNUIxODM5OCU1RCU3QjM1MSU3RGZpZ3VyYV81YV9zaW50b21hc19leHRlcm5vcy5qcGc=.jpg,https://intranetdoc.epagri.sc.gov.br/sedimob/arq_anexos/%5B18398%5D%7B351%7Dfigura_5a_sintomas_externos.jpg
img_187,aHR0cHM6Ly9pbnRyYW5ldGRvYy5lcGFncmkuc2MuZ292LmJyL3NlZGltb2IvYXJxX2FuZXhvcy8lNUIxODM5OCU1RCU3QjM3OSU3RGZpZ3VyYV82Yl9zaW50b21hc19leHRlcm5vcy5qcGc=.jpg,https://intranetdoc.epagri.sc.gov.br/sedimob/arq_anexos/%5B18398%5D%7B379%7Dfigura_6b_sintomas_externos.jpg
img_188,aHR0cHM6Ly9pbnRyYW5ldGRvYy5lcGFncmkuc2MuZ292LmJyL3NlZGltb2IvYXJxX2FuZXhvcy8lNUIxODM5OCU1RCU3QjUyJTdEZmlndXJhXzVjX3NpbnR5b21hc19wc2V1ZG9jYXVsZS5qcGc=.jpg,https://intranetdoc.epagri.sc.gov.br/sedimob/arq_anexos/%5B18398%5D%7B52%7Dfigura_5c_sintyomas_pseudocaule.jpg
img_189,aHR0cHM6Ly9pbnRyYW5ldGRvYy5lcGFncmkuc2MuZ292LmJyL3NlZGltb2IvYXJxX2FuZXhvcy8lNUIxODM5OCU1RCU3QjUzMiU3RGZpZ3VyYV81ZF9zaW50b21hX3Jpem9tYS5qcGc=.jpg,https://intranetdoc.epagri.sc.gov.br/sedimob/arq_anexos/%5B18398%5D%7B532%7Dfigura_5d_sintoma_rizoma.jpg
img_190,aHR0cHM6Ly9pbnRyYW5ldGRvYy5lcGFncmkuc2MuZ292LmJyL3NlZGltb2IvYXJxX2FuZXhvcy8lNUIxODM5OSU1RCU3QjEyNCU3RGZpZ3VyYV83Yl9mb2xoYV9jb21fZmFpeGFzX2FtYXJlbGFzLmpwZw==.jpg,https://intranetdoc.epagri.sc.gov.br/sedimob/arq_anexos/%5B18399%5D%7B124%7Dfigura_7b_folha_com_faixas_amarelas.jpg
img_191,aHR0cHM6Ly9pbnRyYW5ldGRvYy5lcGFncmkuc2MuZ292LmJyL3NlZGltb2IvYXJxX2FuZXhvcy8lNUIxODM5OSU1RCU3QjI4MiU3RGZpZ3VyYV84X2ltcGF0aWVucy5qcGc=.jpg,https://intranetdoc.epagri.sc.gov.br/sedimob/arq_anexos/%5B18399%5D%7B282%7Dfigura_8_impatiens.jpg
img_192,aHR0cHM6Ly9pbnRyYW5ldGRvYy5lcGFncmkuc2MuZ292LmJyL3NlZGltb2IvYXJxX2FuZXhvcy8lNUIxODM5OSU1RCU3QjIyOSU3RGZpZ3VyYV83Y19yZWR1Y2FvX2VfZGVmb3JtYWNhby5qcGc=.jpg,https://intranetdoc.epagri.sc.gov.br/sedimob/arq_anexos/%5B18399%5D%7B229%7Dfigura_7c_reducao_e_deformacao.jpg
img_193,aHR0cHM6Ly9pbnRyYW5ldGRvYy5lcGFncmkuc2MuZ292LmJyL3NlZGltb2IvYXJxX2FuZXhvcy8lNUIxODM5OSU1RCU3QjUxOCU3RGZpZ3VyYV83YV9mcnV0b3NfY212LmpwZw==.jpg,https://intranetdoc.epagri.sc.gov.br/sedimob/arq_anexos/%5B18399%5D%7B518%7Dfigura_7a_frutos_cmv.jpg
img_194,aHR0cHM6Ly9pbnRyYW5ldGRvYy5lcGFncmkuc2MuZ292LmJyL3NlZGltb2IvYXJxX2FuZXhvcy8lNUIxODQwMCU1RCU3QjM3MCU3RGZpZ3VyYV85Yl9lc3RyaWFzX25lY3JvdGljYXMuanBn.jpg,https://intranetdoc.epagri.sc.gov.br/sedimob/arq_anexos/%5B18400%5D%7B370%7Dfigura_9b_estrias_necroticas.jpg
img_195,aHR0cHM6Ly9pbnRyYW5ldGRvYy5lcGFncmkuc2MuZ292LmJyL3NlZGltb2IvYXJxX2FuZXhvcy8lNUIxODQwMCU1RCU3QjM5MyU3RGZpZ3VyYV8xMF9jb2Nob25pbGhhLmpwZw==.jpg,https://intranetdoc.epagri.sc.gov.br/sedimob/arq_anexos/%5B18400%5D%7B393%7Dfigura_10_cochonilha.jpg
img_196,aHR0cHM6Ly9pbnRyYW5ldGRvYy5lcGFncmkuc2MuZ292LmJyL3NlZGltb2IvYXJxX2FuZXhvcy8lNUIxODQwMCU1RCU3QjQ5NSU3RGZpZ3VyYV85ZF9wb250dWFjb2VzX25lY3JvdGljYXNfZW1fZnJ1dG9zLmpwZw==.jpg,https://intranetdoc.epagri.sc.gov.br/sedimob/arq_anexos/%5B18400%5D%7B495%7Dfigura_9d_pontuacoes_necroticas_em_frutos.jpg
img_197,aHR0cHM6Ly9pbnRyYW5ldGRvYy5lcGFncmkuc2MuZ292LmJyL3NlZGltb2IvYXJxX2FuZXhvcy8lNUIxODQwMCU1RCU3QjQwMSU3RGZpZ3VyYV85YV9lc3RyaWFzX2Nsb3JvdGljYXMuanBn.jpg,https://intranetdoc.epagri.sc.gov.br/sedimob/arq_anexos/%5B18400%5D%7B401%7Dfigura_9a_estrias_cloroticas.jpg
img_198,aHR0cHM6Ly9pbnRyYW5ldGRvYy5lcGFncmkuc2MuZ292LmJyL3NlZGltb2IvYXJxX2FuZXhvcy8lNUIxODQwMCU1RCU3QjQxOSU3RGZpZ3VyYV85Y19wb250dWFjb2VzX25lY3JvdGljYXNfbm9fZW5nYWNvLmpwZw==.jpg,https://intranetdoc.epagri.sc.gov.br/sedimob/arq_anexos/%5B18400%5D%7B419%7Dfigura_9c_pontuacoes_necroticas_no_engaco.jpg
img_199,aHR0cHM6Ly9pbnRyYW5ldGRvYy5lcGFncmkuc2MuZ292LmJyL3NlZGltb2IvYXJxX2FuZXhvcy8lNUIxODQwNiU1RCU3QjM0OCU3RGZpZ3VyYV8xMWFfYW50cmFjbm9zZS5qcGc=.jpg,https://intranetdoc.epagri.sc.gov.br/sedimob/arq_anexos/%5B18406%5D%7B348%7Dfigura_11a_antracnose.jpg
img_200,aHR0cHM6Ly9pbnRyYW5ldGRvYy5lcGFncmkuc2MuZ292LmJyL3NlZGltb2IvYXJxX2FuZXhvcy8lNUIxODQwNiU1RCU3QjUzOSU3RGZpZ3VyYV8xMWJfYW50cmFjbm9zZS5qcGc=.jpg,https://intranetdoc.epagri.sc.gov.br/sedimob/arq_anexos/%5B18406%5D%7B539%7Dfigura_11b_antracnose.jpg
img_201,aHR0cHM6Ly9pbnRyYW5ldGRvYy5lcGFncmkuc2MuZ292LmJyL3NlZGltb2IvYXJxX2FuZXhvcy8lNUIxODQwNSU1RCU3QjQxMSU3RHBsYW50YV8zLnBuZw==.png,https://intranetdoc.epagri.sc.gov.br/sedimob/arq_anexos/%5B18405%5D%7B411%7Dplanta_3.png
img_202,aHR0cHM6Ly9pbnRyYW5ldGRvYy5lcGFncmkuc2MuZ292LmJyL3NlZGltb2IvYXJxX2FuZXhvcy8lNUIxODQwNyU1RCU3QjI2MyU3RGZpZ3VyYV8xMmJfcG9kcmlkYW9fY29yb2EuanBn.jpg,https://intranetdoc.epagri.sc.gov.br/sedimob/arq_anexos/%5B18407%5D%7B263%7Dfigura_12b_podridao_coroa.jpg
img_203,aHR0cHM6Ly9pbnRyYW5ldGRvYy5lcGFncmkuc2MuZ292LmJyL3NlZGltb2IvYXJxX2FuZXhvcy8lNUIxODQwNyU1RCU3QjQ0NiU3RGZpZ3VyYV8xMmFfcHJvZHJpZGFvX2Nvcm9hLmpwZw==.jpg,https://intranetdoc.epagri.sc.gov.br/sedimob/arq_anexos/%5B18407%5D%7B446%7Dfigura_12a_prodridao_coroa.jpg
img_204,aHR0cHM6Ly9pbnRyYW5ldGRvYy5lcGFncmkuc2MuZ292LmJyL3NlZGltb2IvYXJxX2FuZXhvcy8lNUIxODQxMCU1RCU3QjI0MyU3RG1va29fdGVzdGVfZG9fY29wby5qcGc=.jpg,https://intranetdoc.epagri.sc.gov.br/sedimob/arq_anexos/%5B18410%5D%7B243%7Dmoko_teste_do_copo.jpg
img_205,aHR0cHM6Ly9pbnRyYW5ldGRvYy5lcGFncmkuc2MuZ292LmJyL3NlZGltb2IvYXJxX2FuZXhvcy8lNUIxODQxMCU1RCU3Qjk1JTdEbW9rb19leHVkYWNhb19lX3BzZXVkb2NhdWxlLmpwZw==.jpg,https://intranetdoc.epagri.sc.gov.br/sedimob/arq_anexos/%5B18410%5D%7B95%7Dmoko_exudacao_e_pseudocaule.jpg
img_206,aHR0cHM6Ly9pbnRyYW5ldGRvYy5lcGFncmkuc2MuZ292LmJyL3NlZGltb2IvYXJxX2FuZXhvcy8lNUIxODQxMyU1RCU3QjE4MCU3RHRhYmVsYV9zbXAucG5n.png,https://intranetdoc.epagri.sc.gov.br/sedimob/arq_anexos/%5B18413%5D%7B180%7Dtabela_smp.png
img_207,aHR0cHM6Ly9pbnRyYW5ldGRvYy5lcGFncmkuc2MuZ292LmJyL3NlZGltb2IvYXJxX2FuZXhvcy8lNUIxODQxMyU1RCU3QjExMCU3RGNhcF83X2ZpZ3VyYV8yYS5qcGc=.jpg,https://intranetdoc.epagri.sc.gov.br/sedimob/arq_anexos/%5B18413%5D%7B110%7Dcap_7_figura_2a.jpg
img_208,aHR0cHM6Ly9pbnRyYW5ldGRvYy5lcGFncmkuc2MuZ292LmJyL3NlZGltb2IvYXJxX2FuZXhvcy8lNUIxODQxMyU1RCU3QjExNyU3RGZlcnRpbGlkYWRlLnBuZw==.png,https://intranetdoc.epagri.sc.gov.br/sedimob/arq_anexos/%5B18413%5D%7B117%7Dfertilidade.png
img_209,aHR0cHM6Ly9pbnRyYW5ldGRvYy5lcGFncmkuc2MuZ292LmJyL3NlZGltb2IvYXJxX2FuZXhvcy8lNUIxODQxMyU1RCU3QjI1MiU3RGVxdWFjYW9fMi5wbmc=.png,https://intranetdoc.epagri.sc.gov.br/sedimob/arq_anexos/%5B18413%5D%7B252%7Dequacao_2.png
img_210,aHR0cHM6Ly9pbnRyYW5ldGRvYy5lcGFncmkuc2MuZ292LmJyL3NlZGltb2IvYXJxX2FuZXhvcy8lNUIxODQxMyU1RCU3QjI1MyU3RGVxdWFjYW9fMy5wbmc=.png,https://intranetdoc.epagri.sc.gov.br/sedimob/arq_anexos/%5B18413%5D%7B253%7Dequacao_3.png
img_211,aHR0cHM6Ly9pbnRyYW5ldGRvYy5lcGFncmkuc2MuZ292LmJyL3NlZGltb2IvYXJxX2FuZXhvcy8lNUIxODQxMyU1RCU3QjI4NyU3RGNhcF83X2ZpZ3VyYV8xLmpwZw==.jpg,https://intranetdoc.epagri.sc.gov.br/sedimob/arq_anexos/%5B18413%5D%7B287%7Dcap_7_figura_1.jpg
img_212,aHR0cHM6Ly9pbnRyYW5ldGRvYy5lcGFncmkuc2MuZ292LmJyL3NlZGltb2IvYXJxX2FuZXhvcy8lNUIxODQxMyU1RCU3QjIlN0RhbmFsaXNlX2ZvbGlhcl8xLnBuZw==.png,https://intranetdoc.epagri.sc.gov.br/sedimob/arq_anexos/%5B18413%5D%7B2%7Danalise_foliar_1.png
img_213,aHR0cHM6Ly9pbnRyYW5ldGRvYy5lcGFncmkuc2MuZ292LmJyL3NlZGltb2IvYXJxX2FuZXhvcy8lNUIxODQxMyU1RCU3QjM0MyU3RHBvdGFzc2lvLnBuZw==.png,https://intranetdoc.epagri.sc.gov.br/sedimob/arq_anexos/%5B18413%5D%7B343%7Dpotassio.png
img_214,aHR0cHM6Ly9pbnRyYW5ldGRvYy5lcGFncmkuc2MuZ292LmJyL3NlZGltb2IvYXJxX2FuZXhvcy8lNUIxODQxMyU1RCU3QjM3NCU3RGZvc2Zvcm8ucG5n.png,https://intranetdoc.epagri.sc.gov.br/sedimob/arq_anexos/%5B18413%5D%7B374%7Dfosforo.png
img_215,aHR0cHM6Ly9pbnRyYW5ldGRvYy5lcGFncmkuc2MuZ292LmJyL3NlZGltb2IvYXJxX2FuZXhvcy8lNUIxODQxMyU1RCU3QjQ1OSU3RGVxdWFjYW9fMS5wbmc=.png,https://intranetdoc.epagri.sc.gov.br/sedimob/arq_anexos/%5B18413%5D%7B459%7Dequacao_1.png
img_216,aHR0cHM6Ly9pbnRyYW5ldGRvYy5lcGFncmkuc2MuZ292LmJyL3NlZGltb2IvYXJxX2FuZXhvcy8lNUIxODQxNiU1RCU3QjI5MiU3RHRhYmVsYV9iLnBuZw==.png,https://intranetdoc.epagri.sc.gov.br/sedimob/arq_anexos/%5B18416%5D%7B292%7Dtabela_b.png
img_217,aHR0cHM6Ly9pbnRyYW5ldGRvYy5lcGFncmkuc2MuZ292LmJyL3NlZGltb2IvYXJxX2FuZXhvcy8lNUIxODQxNiU1RCU3QjM1NSU3RGNhcF83X2ZpZ3VyYV80YjIuanBn.jpg,https://intranetdoc.epagri.sc.gov.br/sedimob/arq_anexos/%5B18416%5D%7B355%7Dcap_7_figura_4b2.jpg
img_218,aHR0cHM6Ly9pbnRyYW5ldGRvYy5lcGFncmkuc2MuZ292LmJyL3NlZGltb2IvYXJxX2FuZXhvcy8lNUIxODQxNiU1RCU3QjQwOCU3RGNhcF83X2ZpZ3VyYV80YTIuanBn.jpg,https://intranetdoc.epagri.sc.gov.br/sedimob/arq_anexos/%5B18416%5D%7B408%7Dcap_7_figura_4a2.jpg
img_219,aHR0cHM6Ly9pbnRyYW5ldGRvYy5lcGFncmkuc2MuZ292LmJyL3NlZGltb2IvYXJxX2FuZXhvcy8lNUIxODQxNSU1RCU3QjEwJTdEY2FwXzdfZmlndXJhXzMuanBn.jpg,https://intranetdoc.epagri.sc.gov.br/sedimob/arq_anexos/%5B18415%5D%7B10%7Dcap_7_figura_3.jpg
img_220,aHR0cHM6Ly9pbnRyYW5ldGRvYy5lcGFncmkuc2MuZ292LmJyL3NlZGltb2IvYXJxX2FuZXhvcy8lNUIxODQxNSU1RCU3QjY0JTdEdGFiZWxhX2EucG5n.png,https://intranetdoc.epagri.sc.gov.br/sedimob/arq_anexos/%5B18415%5D%7B64%7Dtabela_a.png
img_221,aHR0cHM6Ly9pbnRyYW5ldGRvYy5lcGFncmkuc2MuZ292LmJyL3NlZGltb2IvYXJxX2FuZXhvcy8lNUIxODQxNyU1RCU3QjQ1OCU3RHRhYmVsYV9jLnBuZw==.png,https://intranetdoc.epagri.sc.gov.br/sedimob/arq_anexos/%5B18417%5D%7B458%7Dtabela_c.png
img_222,aHR0cHM6Ly9pbnRyYW5ldGRvYy5lcGFncmkuc2MuZ292LmJyL3NlZGltb2IvYXJxX2FuZXhvcy8lNUIxODQxOCU1RCU3QjE2NSU3RGNhcDhfZm90b18zLmpwZw==.jpg,https://intranetdoc.epagri.sc.gov.br/sedimob/arq_anexos/%5B18418%5D%7B165%7Dcap8_foto_3.jpg
img_223,aHR0cHM6Ly9pbnRyYW5ldGRvYy5lcGFncmkuc2MuZ292LmJyL3NlZGltb2IvYXJxX2FuZXhvcy8lNUIxODQxOCU1RCU3QjI0NyU3RHRhYmVsYV9kLnBuZw==.png,https://intranetdoc.epagri.sc.gov.br/sedimob/arq_anexos/%5B18418%5D%7B247%7Dtabela_d.png
img_224,aHR0cHM6Ly9pbnRyYW5ldGRvYy5lcGFncmkuc2MuZ292LmJyL3NlZGltb2IvYXJxX2FuZXhvcy8lNUIxODQxOCU1RCU3QjIwNCU3RGNhcDhfZm90b180LmpwZw==.jpg,https://intranetdoc.epagri.sc.gov.br/sedimob/arq_anexos/%5B18418%5D%7B204%7Dcap8_foto_4.jpg
img_225,aHR0cHM6Ly9pbnRyYW5ldGRvYy5lcGFncmkuc2MuZ292LmJyL3NlZGltb2IvYXJxX2FuZXhvcy8lNUIxODQxOCU1RCU3QjIyNyU3RGZvcm00LnBuZw==.png,https://intranetdoc.epagri.sc.gov.br/sedimob/arq_anexos/%5B18418%5D%7B227%7Dform4.png
img_226,aHR0cHM6Ly9pbnRyYW5ldGRvYy5lcGFncmkuc2MuZ292LmJyL3NlZGltb2IvYXJxX2FuZXhvcy8lNUIxODQxOCU1RCU3QjM0MiU3RGNhcDhfZm90b181LmpwZw==.jpg,https://intranetdoc.epagri.sc.gov.br/sedimob/arq_anexos/%5B18418%5D%7B342%7Dcap8_foto_5.jpg
img_227,aHR0cHM6Ly9pbnRyYW5ldGRvYy5lcGFncmkuc2MuZ292LmJyL3NlZGltb2IvYXJxX2FuZXhvcy8lNUIxODQxOCU1RCU3QjM5OSU3RGNhcDhfZm90b183LmpwZw==.jpg,https://intranetdoc.epagri.sc.gov.br/sedimob/arq_anexos/%5B18418%5D%7B399%7Dcap8_foto_7.jpg
img_228,aHR0cHM6Ly9pbnRyYW5ldGRvYy5lcGFncmkuc2MuZ292LmJyL3NlZGltb2IvYXJxX2FuZXhvcy8lNUIxODQxOSU1RCU3QjE2MyU3RHRhYmVsYV9jb2IxLnBuZw==.png,https://intranetdoc.epagri.sc.gov.br/sedimob/arq_anexos/%5B18419%5D%7B163%7Dtabela_cob1.png
img_229,aHR0cHM6Ly9pbnRyYW5ldGRvYy5lcGFncmkuc2MuZ292LmJyL3NlZGltb2IvYXJxX2FuZXhvcy8lNUIxODQxOSU1RCU3QjIxMiU3RHRhYmVsYV9jb2IuLnBuZw==.png,https://intranetdoc.epagri.sc.gov.br/sedimob/arq_anexos/%5B18419%5D%7B212%7Dtabela_cob..png
img_230,aHR0cHM6Ly9pbnRyYW5ldGRvYy5lcGFncmkuc2MuZ292LmJyL3NlZGltb2IvYXJxX2FuZXhvcy8lNUIxODQxOSU1RCU3QjIzJTdEZmlndXJhXzRfYV9jYXBfNi5qcGc=.jpg,https://intranetdoc.epagri.sc.gov.br/sedimob/arq_anexos/%5B18419%5D%7B23%7Dfigura_4_a_cap_6.jpg
img_231,aHR0cHM6Ly9pbnRyYW5ldGRvYy5lcGFncmkuc2MuZ292LmJyL3NlZGltb2IvYXJxX2FuZXhvcy8lNUIxODQxOSU1RCU3QjQwMCU3RGZpZ3VyYV8xX2NhcF82LmpwZw==.jpg,https://intranetdoc.epagri.sc.gov.br/sedimob/arq_anexos/%5B18419%5D%7B400%7Dfigura_1_cap_6.jpg
img_232,aHR0cHM6Ly9pbnRyYW5ldGRvYy5lcGFncmkuc2MuZ292LmJyL3NlZGltb2IvYXJxX2FuZXhvcy8lNUIxODQxOSU1RCU3QjQzOSU3RGZpZ3VyYV81X2FfY2FwXzYuanBn.jpg,https://intranetdoc.epagri.sc.gov.br/sedimob/arq_anexos/%5B18419%5D%7B439%7Dfigura_5_a_cap_6.jpg
